Id,Label,description,publishedAt,viewCount,subscriberCount,hiddenSubscriberCount,videoCount
UCkRfArvrzheW2E7b6SVT7vQ,YouTube Creators,"Welcome to the YouTube Creators channel! If you’re looking to grow your audience or stay in the know on all things YouTube, you’ve come to the right place. Tune in for official updates, news, and education from YouTube experts and fellow creators. Don’t forget to subscribe and tap the bell!",2013-05-06T21:25:34Z,175664049,3080000,False,428
UCHkxn-9n6Z3yQzg5fZgc0tA,遊楽舎ちゃんねる,"店長がゲーム業界のあれこれを語ります！

また二次コンテンツと共に歩んだおっさんが、そういう視点から時事ネタを語ってみたりもします。

この動画がきっかけで、全てのゲーム業界や玩具業界が元気になれば、僥倖です！

・海外の方にも情報を発信したいので、翻訳協力にご協力いただける場合よろしくお願いします。

　https://www.youtube.com/timedtext_cs_panel?c=UCHkxn-9n6Z3yQzg5fZgc0tA&tab=2

・お仕事関係の連絡は、こちらまで…

 　tentyou.toiawase@gmail.com",2018-06-07T11:15:07Z,107001713,516000,False,796
UCF2Kl5aL-_vcwaNhUf7YqbA,Akichonプログラミング講座,"■2020/9/15 ★宣伝★
2020年9月14日よりオンラインサロンを開設しました。
「楽しいプログラミングサークル」
https://music-book.jp/salon/detail/17
まだコンテンツは少ないですが、色々な学習動画をアップする予定です。
また、メンターとして質問にも答えたいと思います。
オンラインスクールに通うよりお得にしたいと思います。
みんなで交流深めましょう😂

■2020/5/7
ほぼ放置してたのに、登録者数が３万人突破していました。
ありがとうございます！！！ちゃんと、更新しようよ・・・。
そして、３万人突破記念動画を作らければ！！と5月13日に書いてます。

■2019/12/20 ★１万人登録ありがとうございます★
パソコン初心者の方にも解るように、できるだけ丁寧にプログラミングについて解説していきたい！
「プログラムは楽しい」というのを伝えたいと思ってます！！
でも、喋りが下手で、なかなか上手く説明ができないのだけれども。。
とりあえず、まずは気軽に始められるJavaScriptでいろいろ作りながら解説していきます。

現在はJavaScriptの基礎、応用でテトリス・シューティングゲーム・スーパーマリオなんちゃら等を作ってます。
今後はPHPや他の言語を動画にしていきたいと思ってます。

■2019/12/25
電子工作をはじめたので、サブチャンネル作りました！！
https://www.youtube.com/channel/UCXDb0l7u9yOpL-BW9j-dKRQ
プログラミングもするのでハードに興味がある方はこちらも是非見てください！

■Twitter
https://twitter.com/_akichon
あんまり更新情報はツイートしてませんけど、ちょくちょくつまらないこと言います。

■Facebook
https://www.facebook.com/aki2828
こっそりFacebookアカウントを載せておきます。
友達はいませんｗ",2018-11-14T17:05:34Z,1476963,40500,False,132
UC7I3QTra4_kC4TSu8f7rHkA,マコなり社長,"明日から仕事・人生に役立つ話を出来る限り、分かりやすく短く配信していきます！

これから「もっと活躍したい！」「成長したい！」と思っているビジネスマン・学生の方に特におすすめです。

本業は社員500名規模のテクノロジー教育の社長です。

22歳で起業してこれまで成功ばかりではありませんでした。
事業は撤退、借金を背負い、仲間もみんな辞めたこともあります。

でも、失敗した分だけ、人一倍多くのことを学ぶことができました。

現在は、未経験からエンジニアになる日本一のスクールを運営しています。
年商は数十億円規模。前年比、200%以上の成長をしています。

私の望みは一つ「幸せに生きる人が増えること」です。そういった機会をつくることが私にとっては何よりも幸せで楽しいことです。

私の経験・知見を多くの人に還元したいと思いYouTubeをはじめました。
これまで知らなかったやり方・考え方を知ることで、成功体験を得ていただきたいと思っています。

もちろん私も完全な人間ではありません。
みなさんと一緒に学びあい、成長していけるとうれしいです。


■【実績No.1/日本最大級】テックキャンプ エンジニア転職
https://tech-camp.in/expert 
↑完全オンラインで挫折せず学べます

【マコなり社長のプロフィール】
■本名
真子就有(まこゆきなり)

■生年月日
1989/9/18

■所属
株式会社div 代表取締役/ Founder

■趣味
バスケ/ランニング/アニメ/映画

■会社のコーポレートサイト
https://di-v.co.jp/


■YouTubeビジネス関係のお問い合わせ（企業案件・コラボ等）
https://forms.gle/YWXVuj9KrCKAB5ZE9

■動画制作
原稿：マコなり社長
アートディレクション：堀井拓也  https://twitter.com/holy_1008
編集・サムネイル：マコなり社長監修のもとスタッフが作成",2018-11-21T07:52:49Z,131880663,897000,False,289
UC3-1iYGHfR43q_b974vUNYg,フェルミ研究所 FermiLab,"こちらは面白くてためになる漫画動画チャンネルです。

フェルミ研究所では協力してくださる「漫画家」を随時募集しております。
ツイッターかメールにてご連絡ください。
https://bosyu.me/b/RmAHBl2rJ7Q

※企業案件、取材、インタビューはお断りしております。",2016-03-04T12:01:39Z,1218920633,2150000,False,698
UCSRGN4gBQzKFurDZ0rqEoyg,アキユキ / Webデザイナー戦略室,"Webの勉強をこれから始める方、
すでにWebの仕事をやっているけどまだ経験が１〜２年でもっと勉強を積みたい方、

ざっくりそんな方々に向けて、
Web技術の基本的なことやWordPressを使った開発などについて
わかりやすく説明するチャンネルです。

たまに技術系以外、業界のことや僕の考えなんかも配信予定です。

フリーランスになりたい(´ε｀ )
という方にも是非見ていただき参考にしていただきたいです。


＝＝＝　SNS

■ Twitter：https://twitter.com/life_toshindai
■ ブログ：https://life-toshindai.com/


＝＝＝　プロフィール

福岡県生まれで高校まで地元にいました。

試験中に鉛筆を机の上に置くと試験中にも関わらず殴られる高校に3年間通いました。
宿題が難しくてわからない問題をできないまま学校に行くとひどいことになりました。
テストで点をとれなかったときにもひどいことになりました。
そんなディズニーみたいな高校生活が今となっては輝かしいです。

大学で茨城に。
茨城どこよ...当時は場所すら知らず（九州人なので許して下さい）。
横浜に憧れていたのですが、センター試験失敗しすぎて大学選べませんでした。

もう受かればどこでもいい精神で大学受験に望むも、
滑り止めの私立は全不合格（滑り止めになってない）、
国公立は前期も中期も落ちて、、後期でなんとか合格しましたｗ

ちなみにまさかの前期も後期も同じ大学受けました。
ホントに大学選んでるところじゃなかったんです。

僕がWebに関わるのはもっと全然後の話で、
会社員時代は自動車メーカー系の企業で車の企画の仕事をしていたので、Webはフリーランスになってから始めました。

この話は長いのでどこかで動画にしたいです。

とりあえず現場もやりながら、YouTubeもやっていきます。
目標は単純で、とにかく継続(´ε｀ )",2019-09-21T02:28:00Z,278777,6550,False,162
UC67Wr_9pA4I0glIxDt_Cpyw,両学長 リベラルアーツ大学,"「今よりも一歩自由に！」をテーマに、 IT経営・投資家の両🦁（リベラルアーツ大学学長）が、人生を豊かにするために必要な知識を配信中！

🎓 お金にまつわる基礎教養（貯める・稼ぐ・増やす・守る・使う の5つの力）
💖 心を豊かにする考え方・人生論

を節約・投資・トレンドの話題などと絡めて、初心者にも分かりやすく解説しています。


【🏫リベラルアーツ大学とは】
日本一自由なIT会社の社長（兼、投資家）の両と、有志のスタッフが運営しているWebコンテンツの総称。
「自由に生きる人を増やしたい！」という想いのもと、《時間の自由》《経済的自立》《精神的自立》を得るために必要な知識を様々な形で配信しています。


【👇その他のリベラルアーツ大学のコンテンツいろいろ】

🌟 Twitter
https://twitter.com/freelife_blog

🏘 リベシティ（リベ大公式コミュニティ）
https://liberaluni.com/community

💞 インスタ
https://instagram.com/freelife_blog

📝 ブログ
https://liberaluni.com/

🛍 公式グッズショップ
https://liberaluni.base.shop/

📕 書籍
https://amzn.to/2VztyaF


【🦁両学長：プロフィール】
両：30代のIT会社経営者・投資家。
学生時代に起業し、ITビジネスと投資で20年間稼ぎ続ける。
現在は「自由な人をもっと増やす」という夢を叶えるために様々な媒体で情報を発信中！",2018-10-05T00:12:30Z,117646819,707000,False,847
UC8sqFN_BPTa-m0sO_mpnVhg,えらてんチャンネル矢内東紀やうちはるき,,2011-09-24T00:16:53Z,36413123,152000,False,180
UCgMPP6RRjktV7krOfyUewqw,はじめしゃちょー（hajime）,"動画を出したい時にテキトーにアップロードします。
オールジャンル!!!!なんでもしたいこと動画にしてます!!!
チャンネル登録してくれると喜びます！

Hello! My name is Hajime! 
I`m not a president.


こんにちは!はじめしゃちょーです。

Please Subscribe!!!!!",2012-08-31T04:19:50Z,7768856479,9060000,False,2257
UCJbWwKqtS577Hj4xFNgiBnQ,Dangerous爺ちゃんねる,"こんにちは！爺です。名前の由来は昔漫画であったデンジャラスじいさんからとってます。
デンジャラスかはわかりませんが私が北朝鮮から引き揚げてきた時の話や、日常の趣味などマルチな内容で動画投稿をしていきます！！
チャンネル登録　いいね　ぜひともよろしくお願いします！！！

#日本最高齢youtuber


Hello everybody, I'm Dangerous Zii (old man) I don`t know that I`m dangerous or not but when I was  child, I returned from North Korea as repatriate (WW2). I`ll talk you the stories about North Korea and upload my life style, hobbies etc!

Please SUBSCRIBE my channel and push GOOD button!! Thank you!

ー・ー・ー・ー・ー・ー・ー・ー・ー・ー・ー
★プレゼント、お手紙などの宛先はこちら(※生物、冷蔵便は受け取りができません)
〒150-0031東京都渋谷区桜丘町20-1渋谷インフォスタワー17階
「Dangerous爺ちゃんねる」宛

■お仕事のご依頼等
cube@kiii.co.jp

■Kiii HP
https://kiii.co.jp/cube/

■Kiii YouTubeチャンネル
https://www.youtube.com/c/KiiiJAPAN
ー・ー・ー・ー・ー・ー・ー・ー・ー・ー・ー",2019-02-13T15:44:27Z,6182172,67200,False,126
UCJX9e3CqTwp1qAWlwlvI6lg,株式会社グッドフェイラー,"マスザワ内閣は、実績のある現役YouTuberが直接チャンネル運営に携わる動画制作・コンサルティング会社です。
YouTubeを正しく活用することで、売上増加・採用強化といった御社の長年の課題を解決します！

詳しくは以下のホームページをご覧ください！
http://masuzawa-naikaku.com/lp1/


【マスザワ内閣 所属コンサルタントのチャンネル(一部)】
・マスザワ内閣（登録者５万人）
https://www.youtube.com/channel/UCeTCw2JaGIP1W1uva6eSVQg

・学識サロン（登録者９万人）
https://www.youtube.com/channel/UCC4NkFV-L-vVYD5z_Ei5dUA

・よさまつ（登録者４万人）
https://www.youtube.com/channel/UCQCitTVKYdLkozMqQ_Iyf-w


マスザワ内閣のTwitterでは日々YouTuber向けの情報をお届け！
http://twitter.com/masunaikaku

無料のオンラインサロン「YouTube研究会」ではこの動画の台本を公開しています！
https://www.facebook.com/groups/310213692969103/


【マスザワ内閣 代表 升澤裕介プロフィール】
1992年　神奈川県横浜市に生まれる
2015年　東京大学法学部卒業

2018年10月にYouTubeチャンネル「マスザワ内閣」を設立後、独自のYouTube戦略で
３ヶ月で登録者１万人
１年で登録者５万人を達成。

動画１本の最高再生回数は150万回以上。
2019年の1年間だけで600本以上の動画を製作。

現在は自社チャンネル５つを運営しながらYouTubeプロデューサーとして多くの企業チャンネルに携わっている。


マスザワ内閣へのお問い合わせは以下のホームページよりご連絡ください。
http://masuzawa-naikaku.com/lp1/

＊マスザワ内閣の広告収益の１０％は社会団体へ寄付しています＊",2019-01-23T13:49:37Z,246413,5440,False,85
UCUTgXNqRBqR33D5q10DfQXw,テイコウペンギン,"どうも、ペンギンです。
ブラック企業で働く同僚のパンダとYouTuberをやっています。
たまに出てくるモニターは上司です。
人気になれば、グッズとかも出るかもしれないので応援お願いします。


問い合わせやお仕事のご依頼はここ
teikoupenguin@gmail.com

▼チャンネル登録しない理由があるのか？
http://bit.ly/2FNW81H
▼最新情報はTwitterで発信してるぞ
https://twitter.com/teikoupenguin

【グッズはここから】
▽LINEスタンプ
http://bit.ly/2tZgT3h
▽書籍
https://amzn.to/2TMSb4I

コメントか #テイペン でツイートしたらペチペチするぞ。",2019-01-06T10:45:15Z,452385861,796000,False,427
UC1-4AnMxkLXLNL3-7UJ4KTQ,/谷やん谷崎鷹人,"九州男児の谷やんによる大食いチャンネル！（　・｀д・´）
大食い動画及び料理動画をメインとしてアップしております!!（。・ω・。）ゞ

皆様からの『チャンネル登録』、『イイネ』が動画投稿の原動力です!!（　・｀д・´）

Twitterアカウント：＠Taniyaaan1125
  ↑　　↑　　↑
こちらもフォローお願い致します！♪（o  ・ω・）ノ））",2016-09-17T17:55:47Z,380175509,1560000,False,211
UCo8HIzdkY6y0dVykW0tT0vg,iKouzacom,"こんにちはウォーリーと言います。
このチャンネルでは興味のあるトピックの講座動画を公開します。
興味のあるものはガジェット・カメラ・動画作製・Apple製品・ソフトウェアなど時と場合によって変わります。あとレビュー動画なども出来たらいいなと思っております。

YouTubeはあくまでも趣味でやってますので、時間のある時にしか動画製作はしていません。
投稿頻度は低いかもしれませんが、どうぞよろしくお願いします。

Hello, my name is Wally and I'm a tech youtuber based in Japan.
For any questions, business inquiries or collaborations, feel free to send me a message.
Thanks for checking out my channel and see you on my next video!",2012-01-15T08:16:05Z,9979402,56500,False,179
UC3b9jTrnME3V4J5zLnVSmtg,個人で生きる道-ショウ,"Webマーケティングを学び、27歳で月収2000万円超え→28歳で月収4000万円超え。同年5月月収1億2000万円超え
家族を愛するネット起業家です。2年以上自宅or喫茶店意外で仕事をしたことはありません。
基本的には個人で稼ぐ方法を配信しますが、役に立つ情報や価値の高い情報があればそれも配信して行こうと思います。チャンネル登録よろしくお願いします。",2016-08-18T07:19:42Z,4553303,109000,False,48
UC3vg17IZ1IV73xx069jG44w,Official髭男dism,"「Official髭男dism」（オフィシャルヒゲダンディズム）

2012 年 結成、愛称は「ヒゲダン」。 
このバンド名には髭の似合う歳になっても、誰もがワクワクす るような音楽をこのメンバーでずっと続けて行きたいという意思が込められている。 
2015年4月1stミニアルバム「ラブとピースは君の中」をリリースし、デビュー。
2018年4月Major 1st Single「ノーダウト」でメジャーデビューを果たした。
ブラックミュージックをはじめ、様々なジャンルをルーツとした音楽で全世代から支持を集め続けている。",2012-07-08T07:30:23Z,1083270125,2230000,False,67
UCKSSZYcoRHkrF6lkarKYZvg,イケハヤ大学,"知識を武器に、稼ぐ力を身に付けろ！
音声だけで理解できるビジネスパーソン向けの講座を提供しています。",2006-09-22T03:08:54Z,22993421,0,True,314
UCCUd6vfPvpPHBWZ6XwXAlRQ,MasuoTV,"マスオでーす！
商品レビュー、簡単クッキング、ゲーム、日常の動画をお届けしてます。
近所にいるようなお兄さんが、
素直に何でもご紹介していきます。
あなたと一緒に遊んでくれる優しいお兄さんを目指します！
やってほしいことがあったら何でも教えてください(๑′ᴗ‵๑)",2012-08-08T16:28:54Z,592111949,1190000,False,2528
UCSmgxWssl8L45O6JCYb5NQA,Action Planetあくしょんプラネット,"スキルを身につけ新たな世界へ挑戦するヒーローを育てるチャンネル。

マンガや映画の主人公と自分とのギャップを感じつつ年を重ねる諸君！
このチャンネルで映像、写真加工、イラスト・・・なんでもいいから、
世界に戦いを挑めるスキルを身につけて自分の人生を生きるため行動（あくしょん）しようッ！

全てに和楽を求める勇者は特に歓迎だ！

ハッカー？海賊？はみ出しもの？オタク？不良？
結構！！！

これからは個性を伸ばした者だけが前へと進めるッ！！
君の個性ですべてに和楽を届けろ！",2015-04-21T12:24:23Z,4823562,62900,False,473
UCph76YzMKEXbVem2zqCM3BA,俺たち天下のゆとりーマン,"時は20××年。

社会はサラリーマンと呼ばれる、給料のために労働を続け、疲弊する大人で溢れていた。

企業はカラーで二分化され、優良企業はホワイト企業、劣悪企業はブラック企業と称されている。

ブラック企業撲滅のため様々な対策が打ち出されているが、それを掻い潜り存続するブラック企業。

働き続ける大人たちは、体力と精神をすり減らされ日々追い込まれていた。

生活を豊かにするため働くはずが働くために生きている世界•••

このままで本当に良いのだろうか。

そんな中、突如現れた謎の4人組により世界は一変していく。


【俺たちが欲しいのはサラリーじゃない。
ゆとりを目指して、俺たち天下のゆとりーマン！】

多くの人と共感を分け合って、働くみんなを元気にしたい。
笑いと感動と、ゆとりを与えたい。
つらいこと、苦しいことはすべて笑いに変えてみせる。

こうして社会を救うため、彼らは今日も戦い続ける•••


2018/08/11　登録
2018/08/12　初投稿
2018/09/30　登録者100人達成！
2018/12/19　登録者1000人達成！！！
2019/02/13　登録者10000人達成！&急上昇クリエイターとして掲載！
2019/03/28　登録者20000人達成！
2019/04/14　登録者30000人達成！
2019/05/04　登録者40000人達成！
2019/05/29　登録者50000人達成！
2019/06/28　登録者60000人達成！
2019/08/04　登録者70000人達成！
2019/09/12    登録者80000人達成！
2019/09/24　登録者90000人達成！
2019/10/05　登録者100000人達成！
2020/04/14　登録者200000人達成！！
2020/10/22　登録者300000人達成！！！

〈お仕事依頼はメールにて〉
weareyutoriman@gmail.com


※本チャンネルの動画作品は全てフィクションであり、特定の企業や人物を指すものではありません。
また、登場人物と役者の経歴等は一切関係ありません。ご了承ください。",2018-08-11T07:35:46Z,127036165,328000,False,243
UCqmWJJolqAgjIdLqK3zD1QQ,予備校のノリで学ぶ「大学の数学・物理」,"予備校のノリで学ぶ「大学の数学・物理」のチャンネルでは
①大学講座：大学レベルの理系科目
② 高校講座：受験レベルの理系科目
の授業動画をアップしており、他にも理系の高校生・大学生に向けた情報提供を行っています

【お仕事のご依頼】はHPのContactからお願いします

【コラボのご依頼】はHPのContactからお願いします

【講義リクエスト】は任意の動画のコメント欄にて！

【チャンネル登録】はこちらから(今後も楽しく授業を受けよう！) https://www.youtube.com/channel/UCqmW...

【公式HP】はこちらから(探している講義が見つけやすい！) http://yobinori.jp/ 

【Twitter】はこちらから(精力的に活動中！！) http://twitter.com/Yobinori

【Instagram】はこちらから(たくみの日常が見れます(?)) https://www.instagram.com/yobinori",2017-07-02T07:56:19Z,89636161,595000,False,589
UCg_m2ahbG9grCTh05T9kRog,デカキン Dekakin,"ブン！ハロー！YouTube!
どーも！デカキンです！
顔がヒカキンさんに似ていて体がデカイので、『デカキン』です！

大食いエンターテイメント系YouTuberとして活動しています！！！

北海道旭川出身で

小中高の教員免許とギネス世界記録を持っています。

身長178cm、体重135kg、バスト135cm、ウエスト135cm、ヒップ135cmです。

ツイッター、インスタもやってますので、ぜひそちらもよろしくお願い致します！！！


お仕事のご依頼はコチラ
dekakinwork@gmail.com 

　

【テレビ出演】
・NHK Eテレ 
『テストの花道 ニューベンゼミ』
・フジテレビ
『すぽると！』

【ラジオ出演】
・ニッポン放送
『ミュ～コミ+プラス』",2014-03-27T08:37:33Z,305614804,880000,False,802
UCp60qNFmqRy7Q5ymP20dsGw,やまもとりゅうけん,"どうも！りゅうけんです！エンジニアでありマーケターであり妻の奴隷でもあります！

エンジニア、ブログ、オンラインサロンと
それぞれのビジネスで少ない労働で月500万円近くの収入が得られるようになって暇ができたので、
満を持してYouTubeの世界にやってまいりました。

人生逃げ切るという意識の低い目標に意識高くコミットするのが好きです。
ゆるくコスパの良い生き方を発信していきます。

コスパ最強複業ポータル【人生逃げ切りサロン】には約800名の猛者が集結。 
毎月500万円近く妻に上納するため貧困やばみ。",2009-09-12T03:18:37Z,13904231,100000,False,353
UCnjKWUK2t5QJYfeqqilhJhQ,Amazon Web Services Japan 公式,"アマゾン ウェブ サービス (AWS) は、世界で最も包括的で広く採用されているクラウドプラットフォームです。世界中のデータセンターから 175 以上のフル機能のサービスを提供しています。急成長しているスタートアップ、大企業、主要な政府機関など、何百万ものお客様が AWS を使用してコストを削減し、俊敏性を高め、イノベーションを加速させています。

http://aws.amazon.com/jp/


",2012-10-02T05:06:38Z,1444636,0,True,1034
UCdMzoB8z-zUwNOS9ZC4FsAQ,しょーごログ,"しょーごログでは、フリーランス。プログラミング、キャリアを主に発信していきます。

【BLOG】
https://shogo-log.com
【Twitter】
https://twitter.com/samuraibrass
【実務レベルまでのコーディング教材】
https://note.com/samuraibrass
【web制作フリーランス実務までの独学ロードマップ】
https://shogo-log.com/after-progate/

【チャンネル登録者推移2020年】
1/1投稿時300人
500人突破→2/20
600人突破→3/3
700人突破→3/10
800人突破→3/15
900人突破→3/19
1000人突破→3/24
2000人突破→5/11
3000人突破→6/18
4000人突破→8/17
5000人突破→10/5
6000人突破→11/24

再生4000時間突破、収益化審査開始→5/24
収益化通過、開始→5/26

しょーごプロフィール
━━━━━━━━━━━━━━━━━━━━━
1993年福島県生まれ
新潟大学卒業

中学高校は吹奏楽部でフルート、ユーフォニアム、大学はオーケストラでトロンボーン。

新卒で銀行→現在フリーランスエンジニア。
大学生の時に中国フィリピン留学に行っていました。
",2012-10-04T16:14:04Z,351735,6800,False,52
UCTyKZzmKi95wxmCg9rU-j6Q,令和の虎CHANNEL,"【令和の虎、大好評配信中！！！】
あの伝説の企画がマネーの虎がYouTubeで令和バージョンになって復活！
熱い想いを持つ志願者たちが、百戦錬磨の虎たちと対峙する。
焼け付くようなヒリヒリとしたやり取りを臨場感たっぷりにお届けします！
形式はAll or Nothing。
虎たちを納得させ、希望額まで出資額が達すれば『All』で、志願者は出資を受けることができる一方、志願者の希望額に1円でも足りない場合には、『Nothing』で獲得できる金額はゼロ。
果たして志願者の未来は！？

★虎・志願者募集中！
Tiger Fundingからの出資を受けて、事業を本格展開したい勇気ある志願者、大募集中！
同時に志願者とともに事業を推進したい虎も募集開始！
虎＆志願者の応募はこちらから！！
tora@monolith-j.com
※出演オファーは審査の上、ご連絡いたします。まずはメールにてご応募ください。詳細をお知らせいたします。

★Tiger Funding主宰 岩井良明からの最新情報はTwitterをチェック！
【Twitter】https://twitter.com/reiwanotoraiwai

【講演会に岩井良明がお邪魔します】
岩井良明による講演会も随時、実施します！
就活、若者、教育、日本の未来…岩井による講演会をご希望の方は以下のメールアドレスまでご連絡ください。
tora@monolith-j.com",2018-12-20T05:02:27Z,38246348,90400,False,782
UCPAm9wx6kWdUeUO9PsYmE2Q,南原竜樹 冷徹の虎,"南原竜樹です。元マネーの虎で「冷徹の虎」と呼ばれていました。2020年は激変の時代になりました。これが始まりで、これからどんどん世の中の仕組みが変わっていくでしょう。そこで、日々僕が考えていることをYouTubeで発信していくことにしました。ビジネス、筋トレから料理番組まで、少しでも皆さんのお役に立てるようなチャンネルにしていきますので、よろしくお願いします。


【プロフィール】
1960年5月29日 岡山生まれ
1966年名古屋市へ家族とともに引っ越す
愛知県立松蔭高校を卒業
愛知工業大学を中退
1982年　大学在学中、ひとりで高級外車の並行輸入を始め、ヨーロッパからの輸入を開始
1988年　オートトレーディングルフトジャパン株式会社を設立。この頃アラブ首長国連邦からの輸入を開始する
2005年　MGローバーが経営破綻し大きな転機を迎える。25 億円の負債を抱え、銀行は35億円の返還を求めてきた。ショウルームを売却、社員を全員解雇。100億円あった売上がゼロになる。従業員本人一人という状態から再起を目指すことに。それまで一業種専門にこだわっていたが、多業種への事業展開で活路を見出した
2015年　株式会社LUFTホールディングスに社名変更
2020年　現在はITを駆使して、新たな挑戦を開始中

＊詳しくはウィキペディアをご覧ください
https://ja.wikipedia.org/wiki/南原竜樹",2016-03-10T03:02:24Z,6204029,63600,False,72
UCGUffPNvlvnRPzr2HYsUN4Q,にーとちゃんねる,"みんな元気～？
ゆるゆるゆるだらだら生きたいなぁと思う昨今
ちなみに動画の内容はある程度詳細欄に時系列に沿ってレジュメ化しているので、興味のあるテーマだけみたい人はそこまで飛ばしてくださいです。。",2017-03-13T11:57:08Z,39246930,60300,False,1520
UCip8ve30-AoX2y2OtAAmqFA,NHK,ＮＨＫが広報のために公開している動画のチャンネルです。,2007-07-14T08:28:06Z,1173398841,2350000,False,1038
UCmrZx6L5NT_onReOmWhO3ug,ひろはす ゲームクリエイター養成所,"🎮ひろはすは”ゲームクリエイター”を増やしたい🎮

このチャンネルはゲーム業界歴約２０年の私が、ゲームクリエイターになりたい人や個人でゲームを作っていきたい人、ゲーム会社に就職・転職したい人のために、開発・制作のノウハウや売上の伸ばし方、企画やプログラムのコツ、勉強法など様々な情報を語っていくチャンネルです。

チャンネル登録よろしくお願いします！
⭐ひろはすの他のチャンネル
ひろはす ゲームグラフィック研究所
https://www.youtube.com/channel/UCWpkVWp9-BlcacwFfv4liHg
デザイナー向けに３D、２D問わず様々なゲームのグラフィックに関する情報やノウハウを発信するチャンネル

ひろはす ゲーム雑談所
https://www.youtube.com/channel/UCTX8yV1KT3y9MXjFdlyijjA
ゲーム会社時代の話やゲーム業界の裏話など主に雑談メインのチャンネル

⭐プロフィール
地方の山奥に生まれる、幼少時の最高の娯楽は木登り。
ファミコンのスーパーマリオブラザーズに出会った瞬間木登りはオワコンに、そのままゲームクリエイターを目指し始める。
小学生から個人でゲーム開発を始める。
専門学校卒業後ゲーム会社にグラフィックデザイナーとして就職。
10年間サラリーマンとしてゲームを作った後独立して再び個人でゲームを作り始める。
6年後平均生涯収入を稼ぎ終えたため仕事としてゲームを作ることをやめる。
現在は趣味でゲームを作りながらゲームクリエイターになりたい人を応援する方法を模索中。

⭐Twitterでも情報発信してます。
https://twitter.com/hirohasusan/

2020/01/04 最初の動画を投稿
2020/02/06 チャンネル登録者100人
2020/02/16 チャンネル登録者500人
2020/03/02 チャンネル登録者1000人
2020/06/03 チャンネル登録者5000人
2020/09/16 チャンネル登録者1万人

※現在仕事の依頼は全てお断りしております。",2019-11-19T06:24:14.457664Z,993933,16500,False,146
UCb4-om3UY151Hu1uCR8Q19Q,MuscleWatching,"This is a fitness channel in Japan. Even the women who don't like workout can enjoy my 10 min workout.
Muscle Watching is actively collaborating. If you would like to collaborate, please contact us via Instagram, Twitter, our website or email. welcome.
マッスルウォッチングではコラボレーションを積極的に行っています。コラボレーションを希望する人はインスタグラムやツイッター、もしくはホームページやEメールでお問い合わせください。歓迎します。",2007-09-17T08:19:58Z,374004692,1700000,False,4128
UC-cXutYzvqARF5wNKx1KCNA,SHOPRO,"「小学館集英社プロダクションチャンネル」は、株式会社小学館集英社プロダクションによるYouTube内公式サイトです。
©1983 2009 TOMY © 1999-2009 ShoPro(ZOIDS is a trademark of TOMY Company, Ltd. and used under license.)　TM&© 2009. Wizards of the Coast, Shogakukan, Mitsui/Kids, ShoPro, TV TOKYO　©こしたてつひろ/小学館・ShoPro　©永井ゆうじ/小学館・ShoPro・TV TOKYO　©畑健二郎/小学館・白皇学院生徒会・テレビ東京　
©満田拓也・小学館/NHK・NEP・ShoPro　©篠塚ひろむ/小学館・ShoPro　©にしむらともこ/小学館・ＭＭプロジェクト・テレビ東京　©河井リツ子/小学館・SMDE・テレビ東京 ©椎名高志/小学館・超能力支援研究局・テレビ東京 ©SSJ/リルぷりっぐみ・テレビ東京 2010",2006-06-28T02:26:08Z,256185236,179000,False,818
UCj3K2Xy0nQr3Jdc0nd-8zQw,ゲヱム道館 Gamedokan,"ゲームを作る事の楽しさ、完成した達成感を、ゲームプログラミングがわかる人も、わからない人も、みんなで共有するチャンネルです。

【ゲヱム道館】http://gamedokan.web.fc2.com/
【GPU】http://gameprogrammingunit.web.fc2.com/
【ニコニコミュニティ】http://com.nicovideo.jp/community/co2646362/
【Twitter】https://twitter.com/gamedokan/",2015-02-04T07:40:48Z,2011482,23700,False,254
UC3mm_8VUTwXyHXFkGV_GbYA,編集者 佐渡島チャンネル【ドラゴン桜】,"コルク代表の編集者・佐渡島庸平のチャンネルです。

＜プロフィール＞
1979年生まれ。東京大学文学部を卒業後、2002年に講談社に入社。
週刊モーニング編集部にて、『ドラゴン桜』（三田紀房）、『働きマン』（安野モヨコ）、『宇宙兄弟』（小山宙哉）などの編集を担当。2012年に講談社を退社し、クリエイターのエージェント会社、コルクを創業。
著名作家陣とエージェント契約を結び、作品編集、著作権管理、ファンコミュニティ形成・運営などを行う。

★コルク佐渡島の編集者としての活動や裏側はnoteで連載中！
https://www.sady-editor.com

★コルク佐渡島のTwitter
https://twitter.com/sadycork

★コルク佐渡島のイラスト
いずいずさん（ https://twitter.com/iziz_1984 ）

★こんな人にオススメ
・効率よく勉強したいビジネスマン、学生
・ビジネス書を読んでも身になっている感覚がない人
・社会で役立つハウツーを学びたい人

★VTuber桜木のTwitter
https://twitter.com/sakuragidragon

-----

編集者 佐渡島チャンネル【ドラゴン桜】は、amazon.co.jpを宣伝することによってサイトが紹介料を獲得できる手段を提供することを目的に設定されたアフィリエイト宣伝プログラムである、 Amazonアソシエイト・プログラムの参加者です。",2018-12-26T10:20:17Z,2815662,25300,False,320
UC9OvLVXb-okaVtoK9V8Biwg,ABEMA バラエティ【公式】,"テレビ&ビデオエンターテインメント「ABEMA」（アベマ）のバラエティ公式YouTubeです。

■「ABEMA」について

「ABEMA」は、2016年4月に本開局した、テレビ＆ビデオエンターテインメントとして展開する動画配信事業。
緊急速報をはじめとした24時間放送のニュースのほか、オリジナルのドラマや恋愛リアリティーショー、アニメ、スポーツなど、多彩な番組をお楽しみいただけます。
また、オリジナルエピソード数は国内発の動画サービスで日本No.1（※1）を誇り、 総エピソ ード数は常時26,000本以上を配信。
登録は不要 で、スマートフォンやPC、タブレット、主要なテレビデバイスにも対応し、いつでもどこでも、様々なシチュエーションで利用することができます。
さらに、通信量を半分に削減可能な「通信量節約モード」や、放送中の番組を最初から視聴することができる「追っかけ再生機能」など、
利便性を高めるための取り組みも積極的に行っています。

（※1） 2020年4月時点、自社調べ",2018-05-23T09:48:55Z,100217711,195000,False,599
UCLsdm7nCJCVTWSid7G_f0Pg,ABEMA【アベマ】公式,"テレビ&ビデオエンターテインメント「ABEMA」の公式YouTubeです。

■「ABEMA」について

「ABEMA」は、2016年4月に本開局した、テレビ＆ビデオエンターテインメントとして展開する動画配信事業。
緊急速報をはじめとした24時間放送のニュースのほか、オリジナルのドラマや恋愛リアリティーショー、アニメ、スポーツなど、多彩な番組をお楽しみいただけます。
また、オリジナルエピソード数は国内発の動画サービスで日本No.1（※1）を誇り、 総エピソ ード数は常時26,000本以上を配信。
登録は不要 で、スマートフォンやPC、タブレット、主要なテレビデバイスにも対応し、いつでもどこでも、様々なシチュエーションで利用することができます。
さらに、通信量を半分に削減可能な「通信量節約モード」や、放送中の番組を最初から視聴することができる「追っかけ再生機能」など、
利便性を高めるための取り組みも積極的に行っています。
（※1） 2020年4月時点、自社調べ",2016-02-26T15:08:09Z,399308474,1510000,False,1631
UC8mp5Lz8gvctAxq0-b_UhIg,エル,"ゆっくり実況してます！　ぜひ、ゆっくりしていってねヾ(≧▽≦)ﾉ
Epicクリエイターコード　K8N1M2",2014-08-04T15:32:18Z,445221558,533000,False,1362
UCLE2PTNDt--NLGLVbfOfHkQ,吉田研究所【事実上メインチャンネル】,"吉田製作所（https://www.youtube.com/channel/UC9WJo5ZJVXMZiA5XV2jLx5Q）
のサブチャンネルです。
メインチャンネルには投稿できないくだらない商品レビューとかを、たまーに投稿していこうと思います。

■■お問い合わせ■■
各種お問い合わせは僕のブログのお問い合わせフォームよりお願いします。
https://netank.net/youtube-mail",2018-09-22T06:23:14Z,45271108,248000,False,157
UCoG2iDwh5Vw61kZx0kWL0WA,北の打ち師達,"YouTubeチャンネル「北の打ち師達」です！

僕らは北海道出身で高校からYouTubeを始め、
現在はふぇると&はるくんの2人で様々な動画を投稿しています！

「ヲタ芸」「縛り生活/24時間生活,1週間生活etc」
「可愛い貯金」「侵入中」「映像作品」など
1本1本の動画を作品のように皆様に楽しんで頂けるよう
力を込めて製作しているのでYouTubeの再生リストから
是非僕らのオススメ動画を視聴してみてください！

主に「金」「土」「日」をメインに動画更新しています。
皆様に刺激的な週末をお届けできるように
僕らも精一杯楽しんで動画を作っていきますので
是非チャンネル登録して頂けたら嬉しいです！

コラボ依頼や仕事の依頼
ご連絡等ある方はこちらまで！
▷KitauChi.cp@gmail.com
",2010-11-06T00:10:30Z,522457288,1210000,False,1078
UCKdqovhawKR4QTxMm65DQrg,インプロ（即興）教育 FEATHER IMPRO ACT PROJECT,"従来の研修・セミナーで最も欠けていた要素。
それは「即興力」「人間力」。

テクニックや知識、ノウハウに頼りすぎたが故に見過ごされていた根本的なスキル。

世界の俳優訓練から生まれた、楽しくも成長と気づきが多い、画期的なトレーニング。
「インプロ（即興）トレーニング」の先駆者、別役慎司が提供する次世代の教育を知ってください。",2013-07-27T02:38:25Z,198818,443,False,73
UCXcjvt8cOfwtcqaMeE7-hqA,SUSURU TV.,"「毎日ラーメン健康生活」
毎日ラーメンをすする動画を毎日配信します。

現在、1300日以上毎日ラーメンをすすっています。毎日18:30頃、その動画投稿しています。


業務連絡は
info@susurulab.co.jp
まで！",2015-11-02T02:05:56Z,446861462,896000,False,2055
UCPiQ_mEXdEbB-3Yhiq7gq5w,Watercolor by Shibasaki,"Hello everyone, my name is Shibasaki. Welcome to my watercolor channel!
With my videos I hope I will be able to teach you professional transparent watercolor painting in an easy-to-understand way. It has been over 40 years since I became an instructor. Fortunately when I was young, I had the opportunity to interact with American watercolor art

皆さんこんにちは！水彩画講師の柴崎です。水彩チャンネルへようこそ。
このチャンネルでは、透明水彩の画材の特性を生かして描くためのテクニックやコツをわかりやすく紹介します。これから初めてみようとお考えの方、自己流でなかなか上達しないとお悩みの方、この動画を観てあなたの作品作りにお役立てくださいね。
チャンネル登録もよろしくお願いします。
----------------------------------------------------------------------------------------------------------------
柴崎春通プロフィール
1947年千葉県生まれ。1970年和光大学芸術学科卒。荻太郎、中根寛に師事。2001年文化庁派遣在外研究員としてアメリカに留学し、The Art Students League of New York等で水彩の研究を行う。チャーリー・リードと親交を結ぶ。日本美術家連盟会員。元Salmagundi Art Club会員(米国)。元講談社フェーマススクールズ絵画科講師。
----------------------------------------------------------------------------------------------------------------
【お願い】英語・中国語・その他言語に翻訳いただける方大歓迎です。ご協力のほどよろしくお願いします。",2017-03-13T14:43:32Z,31676635,741000,False,349
UCL4QAojeGy6CJ9R2PwmlmJQ,文学YouTuberベル,"ごきげんよう、文学YouTuberのベルです。
 書評を中心に読書・美術の文化系動画を投稿中！
“書けるYouTuber”として執筆もしています。
事務所無所属フリーランスです。

動画制作/ライター/MC

ファンレター等の宛先はこちら↓
http://bellelinwall.com/#contact

----------------------------------
""文学YouTuberベル""は、amazon.co.jpを宣伝しリンクすることによってサイトが紹介料を獲得できる手段を提供することを目的に設定されたアフィリエイト宣伝プログラムである、 Amazonアソシエイト・プログラムの参加者です。
------------------------------------",2015-06-09T21:27:26Z,13469724,136000,False,439
UCVkr6JApvZMcn-YBmVJjQdw,ゆっくりまいくさん,"野心が溜まりすぎたクズゆっくり実況者です！
ツイッターでイラスト募集してます。内容は東方以外でもいいです。
NLC Projectに所属しております

このチャンネルの投稿された動画はなりすまし、誹謗中傷目的でなければ無断転載してもかまいません
コラボ依頼する場合この動画にコメントしたものしかコラボしません
https://youtu.be/fxPUmV8oaBY
ニコニコの垢http://www.nicovideo.jp/user/39937921
twitter　https://twitter.com/suberumaiku

(注意ここのうｐ主は編集を毎回手抜きににしています)

弟子のチャンネル
https://www.youtube.com/user/wiiu128
https://www.youtube.com/channel/UCsO_ewBPtjIwVnjRigMsyTA
https://www.youtube.com/channel/UCsmprn2rUYfoD9GVU82oW6w
https://www.youtube.com/channel/UC8e9RkFT1wCDNP1iQls-cmg
https://www.youtube.com/channel/UC6vWOIBaatzap_ruX0cY9OA",2014-04-19T08:03:59Z,942365,6500,False,554
UC7kN3QaumX0dsI6aaTEeWxA,高校教師によるプログラミング講座,"高校の教師をしています。
毎年プログラミングの授業を担当していますが、動画のコンテンツがあれば、授業の役に立てると考え動画を作成しました。
プログラミングを勉強したい方のお役に立てると幸いです。よろしくお願いします。",2019-10-07T00:32:07Z,140226,1740,False,35
UCFdBehO71GQaIom4WfVeGSw,メンタリスト DaiGo,"⭕️今なら20日間無料⭕️ 
 【Dラボ】はこちらから→https://daigovideolab.jp/
知識のNetflixを目指して作った動画配信サービス
 ※クレジットカードなくても登録できます。

⭕️今なら1冊無料⭕️
究極のマインドフルネスhttps://amzn.to/3bXMIyH
超健康法 https://amzn.to/35yLfh5
超客観力 https://amzn.to/3itckWD 
超習慣術 https://amzn.to/2yLgJT4
超読書術 https://amzn.to/39AZpfT  
超集中力 https://amzn.to/2w7RpFw  
超選択術 https://amzn.to/346QeTv   
※Audible無料体験にて1冊無料

【免責事項】
このチャンネルは、科学の面白さを伝えることを目的としたエンタメです。
なるべく多くの方に、科学的思考に興味を持ってもらうために、参考資料や過去の動画を元に、大胆な独自の考察したもので、事実を確定するものではなく、あくまで一説です。動画の結論は実際の研究とは異なる場合があります。
僕は文献を読むのが好きなタダの理系であり、専門家ではありません。また、多くの科学者とも同じように人間ですから、間違うことも多々あります。実際に知識を利用する際には自己責任、または然るべき専門家に相談してください。",2013-01-03T14:05:32Z,544263432,2290000,False,2331
UC2otzOMMLeJHZVwwyAQaA_w,スーツ 背広チャンネル,参考になったコメント（論理的に説得力のあるもの、もしくは動画内で扱った内容に関する補足知識）には、私への好意の有無に関わらずいいね（ハート）を押しています）,2016-12-21T03:46:32Z,87288512,321000,False,766
UChxtIA33ty53Hh4MmkXNASg,mikimiki web スクール,"旅するwebデザイナー ミキミキがフリーランスのリアルやwebデザイナーになるためのtipsをお伝えします。

 ▼illustrator講座▼
【初級者向け未経験からWebデザイナーを目指す！基礎から学ぶAdobe Illustrator講座】

https://ririan-dsn.com/illustrator/

---------------------------
SNS
---------------------------

 【Instagram】
https://www.instagram.com/mikimiki1021/

【Blog】
https://mikimiki1021.com/


【自己紹介】 

https://mikimiki1021.com/about/


【TabiMUSE】
https://tabi-muse.com/users/7




---------------------------
Desigh 
---------------------------
【HP】 

http://ririan-dsn.com/


【テンプレート名刺】
http://my.ririan.net


【テンプレートシールショップ】
http://ririanseal.thebase.in",2019-12-15T02:49:10.619585Z,1515907,30300,False,156
UCU0JjQr0I0DIRwV8joRIIBA,ハック大学,"こんにちは！ハック大学のぺそです！このチャンネルでは、ビジネスマンにとって役立つコンテンツを発信しています！
ぜひぜひチャンネル登録よろしくお願いします！",2019-04-20T10:52:16Z,12487210,205000,False,109
UCk-AjDBOodw8P40f0y6EYeA,エクセル兄さん たてばやし淳,"エクセル業界随一の「さわやかボイス」が人気、ベネッセUdemyにてオンライン動画でExcelを教える新鋭の講師です。ダイヤモンドオンラインにて連載執筆など。

【オンライン動画のExcel教材を販売中】
・エクセル兄さんの関数マスター講座
・MOS試験対策講座（スペシャリスト・エキスパート）
・「Excelが自動化する！マクロVBAの魔法」シリーズ（超入門・脱入門）",2012-09-17T11:36:14Z,6994069,70400,False,323
UCVPz_nauEJpqPxxvYiOpCHQ,カズチャンネル/Kazu Channel,私が日常体験する事を中心に動画をアップ。私の体験をみんなで共有できたらなーと思ってます。,2010-06-04T09:00:08Z,868153371,1830000,False,2367
UCxZ0BkYadR-0LtmkrHcFOvQ,せろりんね,"＼Welcome to my channel!!／

やぁ、せろりんねと申す！関東住みの23歳女です。


2017.03.15　動画投稿開始
03.29　チャンネル誤BAN　⇒ 一日で復活
04.25　登録者数1000人突破!
05.06　5000人突破!
05.08   10000人突破!

ありがとうございます!

※せろりんねは、amazon.co.jpを宣伝しリンクすることによってサイトが紹介料を獲得できる手段を提供することを目的に設定されたアフィリエイト宣伝プログラムである、Amazonアソシエイト・プログラムの参加者です。",2016-01-07T14:59:09Z,40260808,246000,False,198
UCyEOiuZoutEJrE3zvfJV7aQ,Rui Ueyama,,2006-08-07T09:31:40Z,88227,2150,False,33
UCDsO-0Yo5zpJk575nKXgMVA,RocketJump,"We’re a weird hybrid studio/production company that, at our core, strives to bring you fun, genuine entertainment, whether it’s TV shows, feature films, short films, live streams, tutorials, or anything in-between. We pride ourselves on making better stories than you’d expect and with more heart than you’d imagine.

We started with Video Game High School, a three-season, full-length, award-winning independent web series. It was named #1 Web Series of 2013 by Variety, nominated for a Producer’s Guild Award for Outstanding Digital Series in 2014 and 2015, and won Streamy Awards for Direction, Ensemble Cast, and Action/Sci-Fi Series. Soon after, we partnered with Lionsgate, which resulted in the 2015 behind-the-scenes documentary series RocketJump: The Show on Hulu, our upcoming sci-fi anthology show Dimension 404, and a whole bunch more awesome stuff to come.",2006-02-22T08:22:49Z,1937526113,9030000,False,338
UCX2c6V2YSdXvW0hzDtf4OPA,YouTubeマスターD,"YouTubeマスターDことDaigoです
よく３０代に間違われますが実際は２６歳です


日本一のYouTube情報発信者を目指して活動してます

このチャンネルでは僕YouTubeマスターDが１０００チャンネル以上
プロデュースしてきた経験を元にYouTubeの再生数の伸ばしかた
どうやったら効率よく登録者数が増えるかを伝えていきます


沢山の人が難しいYouTubeから
楽しいYouTubeにできるように努力していきますので
是非このチャンネルを生かしてYouTubeライフをエンジョイしてください！


YouTubeマスターDの実績


・YouTubeマスターD６ヶ月間で登録者数４万人を達成
・ステルスYouTubeを含めた１０００チャンネル以上をプロデュース
・登録数１０万人越えを３名プロデュース
・登録数５万人越えを１０チャンネル以上プロデュース
・登録数１万人越えを５０チャンネル以上プロデュース
・登録数１０００人超えを１００チャンネル以上プロデュース


一部のプロデュース実績

おかず姫さん１ヶ月で　０登録数→１０万人突破
マリアランドさん３ヶ月間で　6000人→4万人突破
oniku韓国さん　３ヶ月間で　400人→5000人突破
もえぞうさん　３ヶ月間で　200人→5000人突破
童貞脱出チャンネルさん　３ヶ月で600人→1800人突破


お仕事のご依頼やコラボ依頼は
こちらからお願いします


dai777@mooking.live",2018-11-25T15:11:52Z,4749692,62200,False,185
UC57E7JB4znko4xADaDiMcjA,風の時代ふくちーぬの部屋,"スターシードの方が無理なく発芽＆開花させる星種《スターシード》牧場《ファーム》プロジェクトを遂行しています。
スターシードとは宇宙の魂がこの時代の地球になんらかのライトワークをする為に受肉した魂です。
スターシードの特徴は潜在的にスピリチュアル能力が高いのですが・・・
地球の三次元の輪廻転生の経験が浅いので現代社会では生きにくい存在となっています。
しかしそのスターシードもその自身のユニークさマイノリティとせずにその資質を開花させると
オリジナリティあふれる、ゴッティスタレント(神から与えられた才能)となります。

講座の最新情報などはアメブロでチェックしてね
 https://ameblo.jp/samuharadoujyou/


フクチ～ぬのフルネームの名前の福致悠示とは、天の福に至りて悠々とした時を示す人

フクチユウジをカタカムナで解読すると・・・・
フ　　根源の二つの物（大極より生じた両義）が
ク　　神の力となって発生し
チ　　その根源よりの神の力を保持しながら
ユ　その力を次元調整の為変換し
ウ　神々の根源の力をゲートを通し三次元に表す
ジ　その神々の力が三次元に現れた事を示す

＜ ふくち～ぬ　プロフィール♪＞
１９６９年　東京に生まれる。
中学の頃より独学にてヨガと瞑想を学ぶ。
大学の頃より先祖の方々や御心霊が夢枕に立ち、自分にスピリチャルの能力がある事を自覚。
H7年脱サラしソフトカイロプラクティックの学校を出てH８年より接骨院で働く
２００１年品川区にアロマテラピーサロン開業
店舗型サロンから自宅サロンへ移行し占いの学校に通う。
２００６年正月　心不全から腎不全となり肺に水が溜まり生死の境をさまようが、
復活しスピチュアルの扉が一気に開かれ、
活動もこれまでのヒーラー＋占い師の活動から、
エネルギーワーカー的な活動やライトランゲージも話し始めチャネラー的な活動も開始。
その後、プラネットレイキなど福地結路が創始者となるエネルギーが降り始め
数々の宇宙的叡智を宇宙的な存在から教わり
アカシックレコードリーディングなどのオリジナル講座を開講する。",2008-04-25T10:20:31Z,1476300,6020,False,668
UCf7REsLnT2NeLVYj_4YaIRA,渋谷文武公式Youtubeチャンネル,"自分ブランドフェスタ総合プロデューサー
四天王プロジェクト総合プロデューサー
カリスマ講師養成クラブ主催
エンタメプレゼン開発者
「カリスマ講師THEバイブル」「いまの職場、ラスト３ヶ月」「マインドマップ内定術」「就活のトリセツ」著者

渋谷文武による、人生を変える講義、人を惹きつける技を解説。

７万５０００人以上の学生と２万人以上の経営者、講師、士業、コンサルタントを指導。

大学でキャリア教育、就活の講義、
大学講師、専門学校講師、セミナー講師、研修講師向けにカリスマ講師になる方法、
アナウンサー、プレゼンター、経営者向けカリスマスピーチのコンサルティング、
企業、著者、講師、コンサルタント向けにブランディング、YOUTUBEのコンサルティング、セミナーのプロデュース

をしている。",2010-07-13T12:23:31Z,19764507,64300,False,370
UCKxnXboujhwy7osAwu75-2w,迫 佑樹 スキルをつけて人生を攻略する,,2010-10-13T14:08:16Z,1699547,21200,False,288
UCcCl0ZR7omH6pwHEwTqEsoQ,わっきーチャンネル,"初めまして、
西脇です。
わっきーという名前でブログを書いてます。

極貧アルバイト生活の状態から起業して、
何もしなくても、
毎月500万円以上の利益が勝手に生まれる生活に変化しました。

怪しいですよね。
怪しいでしょうが、そのような世界があるということを知ってもらいたいのです。

その上で、このブログを読んでもらいたいです。

このブログのコンセプトは、
ヘッダー画像にもありますように
『金時心体〜いざ脱獄〜』
きんじしんたいと読みます。

何だそりゃ？という感じですよね。

説明していきます。

金時心体とは

お金
時間
精神
身体

を指してます。

僕は、その
金時心体の自由度が高い状態を目指して生きています。

つまり、
金銭的な自由
時間的な自由
精神的な自由
身体的な自由

この4つの自由度を上げていくというのが今現在僕が人生をより満足にしていくためにやっていることです。

お金もなくて、友達もいなくて、自信もなかった僕がどうなったのか？

もっと詳しく僕のことを知りたい人は、
下記から読んでください。

http://wakki001.com/free_step/cf/kinji",2013-10-04T17:41:34Z,34948030,82500,False,548
UCZf__ehlCEBPop-_sldpBUQ,HikakinTV,"HikakinTVはヒカキンが日常の面白いものを紹介するチャンネルです。
◆プロフィール◆
YouTubeにてHIKAKIN、HikakinTV、HikakinGames、HikakinBlogと
４つのチャンネルを運営し、動画の総アクセス数は100億回を突破、
チャンネル登録者数は計2000万人以上、YouTubeタレント事務所uuum株式会社ファウンダー兼最高顧問。",2011-07-19T11:31:43Z,7859527120,8820000,False,2822
UCUCeZaZeJbEYAAzvMgrKOPQ,米津玄師,"▼米津玄師 / ハチ OFFICIAL CHANNEL▼
Musician / Illustrator
Kenshi Yonezu  is Real Name  /  HACHI  is  VOCALOID Producer Name",2010-03-31T00:06:37Z,3258669130,5650000,False,64
UCv7j3OVeGN6ZLvr8NtgMicg,KBC九州朝日放送,"KBC九州朝日放送のYouTube公式チャンネルです。

@Kyushu Asahi Broadcasting Corporation",2012-01-24T05:11:10Z,14124303,24700,False,2144
UC8A3VlmSHV7aDgOPHKoGngw,ビルメンるーです。,"毎朝5時前位から、
1時間をノルマに勉強ライブしてます。

２０２０年5月末に電験3種
最後のチャレンジを始めました。
電力科目が今年まで保留のため
理論、機械、法規の3科目受験です。

過去13回受験して1度しか合格できなかった理論。
理論だけでも科目合格したいと言う気持ちでしたが、
何故か他の科目まで手を出してます。

３ヶ月間、なんとか頑張ります。

こんにちはるーです。
皆さんいかがお過ごしですか？

高校卒業後、ニート、引きこもり、フリーターを経て２７歳で初めて社会に出ました。
その後も、資格試験に転職にと人生どうなるかと思いましたが
なんとかやっていけてます。

これを読んでるあなた！！
人生とりあえずなんとかなる、またはなんとかする！！
報われる努力をしちゃいましょう！！",2007-11-18T09:31:45Z,241394,2120,False,224
UCqO3c4rN70PR0yHWLDCNUXQ,ぴよぴーよ速報,解説系すごいガバガバなので他の資料もちゃんと見た方が良い,2018-01-17T11:07:04Z,33181189,299000,False,87
UCS8ZQejq2CL-nZcnRWZCA5Q,福岡・佐賀 KBC NEWS,"福岡にあるＫＢＣ九州朝日放送（ＡＮＮ系列）のニュース公式アカウントです。

福岡・佐賀の最新ニュースをいち早くお届けします！

エリアのニュースはもちろん、注目の臨時記者会見なども見られる２４時間ライブをはじめ、アサデス。ＫＢＣの人気コーナー「朝イチ！スクープ」やシリタカ！で放送した特集、ＹｏｕＴｕｂｅならではの映像もご覧いただけます。

▼ＫＢＣテレビ
　福岡１ｃｈ
▼ＫＢＣラジオ
　福岡局　ＡＭ１４１３ｋＨｚ／ＦＭ９０．２ＭＨｚ
　北九州局　ＡＭ７２０ｋＨｚ／ＦＭ９４．０ＭＨｚ
▼ＫＢＣＮＥＷＳ（九州朝日放送ＨＰ）
　https://kbc.co.jp/news/
▼ＫＢＣ ＮＥＷＳ公式ツイッター
　https://twitter.com/KBC_NEWS
",2020-03-05T03:41:52.179668Z,5050005,11600,False,801
UC0piSkXORh7ptudXkHhKmqw,MACO_CHANNEL,"2014年にUNIVERSAL MUSIC JAPAN Virgin Musicよりデビュー。メジャーデビューのきっかけとなったテイラー・スウィフト『私たちは絶対に絶対にヨリを戻したりしない～ We Are Never Ever Getting Back Together』の""テイラー公認""日本語カバーを筆頭に注目を集め、第29回日本ゴールドディスク大賞の新人部門を受賞。

自身の代表曲となる『LOVE』が収録された1st Album『FIRST KISS』がヒットし、レコチョクで総合1位＆オリコン週間ランキングTOP5を記録。SNSを中心に話題を集め、YouTubeの総再生回数は日本人アーティスト最速で1億回を超え、YouTubeのキャンペーンにも抜擢。

2018年にはデビュー5周年を迎え、初のベストアルバム『BEST LOVE MACO』をリリース。台湾・上海のアジア公演と全国6都市のホールツアーも完走。

2019年、SONYMUSICへの移籍を発表。昨年末からは全国11都市でアコースティックワンマンツアー「My Acoustic Tour 2019-2020」を開催し、全公演SOLDOUT。待望のNew Single『恋蛍』を2月14日にリリースした。
そして、現在放送中のAbemaTVドラマ“僕だけが17歳の世界で”には、卒業ソングの代表ともいえるレミオロメン『3月9日』のMACOによるカバー曲と、新曲『桜の木の下』が異例の２曲同時に挿入歌として起用されている。",2013-11-11T09:50:28Z,116468236,302000,False,139
UCQWnrMPj250V__yACW_m_rA,セラピー図書館【せら】,"凡人の自分を、つらい時に支えてくれた本たちをご紹介します！
今度は、自分が人を支えられるようなコンテンツをお届けできればと思っています。

○お仕事、ご家庭、恋愛などで悩んでいる方、迷っている方
こんな方々を癒すことができる「セラピー図書館」です！

つらい時は、いつでもセラピー図書館に帰ってきてください！

Twitter【お問い合わせはDMにてお願いします。】
https://twitter.com/therapylib

セラピー図書館　再生リストはこちら！
https://www.youtube.com/watch?v=ijnVt68GQbg&list=PL9oV7doH7m6ea3oeZD6KkY10TGiFHMr0V",2019-10-11T02:05:57.245101Z,278507,5150,False,81
UC1oPBUWifc0QOOY8DEKhLuQ,avex,avex groupの最新Music VideoはYouTubeのavex Channelで！,2008-09-04T16:53:18Z,8849668734,5500000,False,14845
UC6wKgAlOeFNqmXV167KERhQ,ジェットダイスケ/JETDAISUKE,"JETDAISUKE's Hands-on Review Show

ジェットダイスケこと愛場大介による、製品レビューや体験動画などが中心です。
面白い製品をお持ちの企業の方、ぜひ情報をお知らせくださいませ。

このYouTubeチャンネルの動画は、私の個人ブログ
http://heeboo.blogspot.jp/
http://gajetdaisuke.com/
にて本文中に使用する動画コンテンツもあわせて投稿しております。ブログのほうも合わせてお読みいただければ幸いです。

twitterの方にもブログのフィードをポストしておりますので
http://bit.ly/kdFu1F
そちらの方をフォローすることでも最新記事を読むことができます。

インスタグラムはこちら！ぜひ登録してくださいね( ^ω^ )
https://www.instagram.com/jetdaisuke/

facebookページはこちらです。
http://www.facebook.com/pages/jetdaisuke/238431611840
友達しか友達登録しないので、フォローしていただけるほうがありがたいです m(_ _)m

ご投票いただいた皆さんのおかげで、アルファブロガーアワード2009も受賞できました。
http://youtu.be/SKiodm4ddaE
ありがとうございました。",2006-02-27T17:31:41Z,249420687,280000,False,3590
UCPlreGCqby4Qg9Vuem5scpw,バイリンガール英会話 | Bilingirl Chika,"メッセージ用フォームは下部のリンクからアクセスできます！

=============================

初めまして！バイリンガールのちかです♪
小学校1年生の時、父親の仕事の関係で渡米し、
大学を卒業するまでの16年間をシアトルで過ごしました。

2007年に日本に帰国し、大手コンサルティング会社に入社。
グローバルなビジネス環境にも関わらず、英語に苦手意識を抱いている日本人が多いことに気付き、
2011年に自分に何かできないかとYouTubeで英会話チャンネルを開始。

部屋からパジャマ姿でレッスンをしたり、
旅行先でビデオブログを作ったり、
衣装を着て踊ったり（最近は、苦手な歌にも挑戦w）！
友達感覚で気軽に英語に触れていただける動画を心がけています☆ 

日本を英語で発信する『ジャパナゴス』というチャンネルも是非チェックしてみてください♪ 
初詣、節分、ひな祭り等、日本人に馴染みのあるテーマを英語で説明しているため、
上級者の方にリスニングコンテンツとしてご活用頂いております。

お仕事のお問い合わせはこちら↓
吉田正樹事務所
info@yoshidamasaki.com
http://www.yoshidamasaki.com/member/post1169/",2009-12-31T01:14:10Z,404271246,1530000,False,919
UCsT0YIqwnpJCM-mx7-gSA4Q,TEDx Talks,"TEDx is an international community that organizes TED-style events anywhere and everywhere -- celebrating locally-driven ideas and elevating them to a global stage. TEDx events are produced independently of TED conferences, each event curates speakers on their own, but based on TED's format and rules.

TED's videos may be used for non-commercial purposes under a Creative Commons License, Attribution–Non Commercial–No Derivatives (or the CC BY – NC – ND 4.0 International) and in accordance with our TED Talks Usage Policy (https://www.ted.com/about/our-organization/our-policies-terms/ted-talks-usage-policy). 

For more information on using TED for commercial purposes (e.g. employee learning, in a film or online course), please submit a Media Request here: https://media-requests.ted.com.",2009-06-23T16:00:48Z,5197746086,28800000,False,161204
UCCdskievdAtH6AtPeEfTqEg,Unity Japan,"Unityは、自分の思い描くゲームを自由に制作できるゲームエンジンです。作ったゲームはモバイルからコンソールまで、多彩なプラットフォームにワンクリックで展開可能。また、ゲーム内に効果的な広告を掲出したり、ゲームプレイ状況を分析したり、クラウドによるビルド作業を行なうなど、クリエイターのニーズに応える多様な機能も自由に使えます。楽しくゲームを作り、たくさんのユーザーに遊んでもらう……Unityならその夢がかないます。

Unity は 無料でダウンロードすることができる PC と Mac 用の統合ゲーム開発環境です。
PC / Mac はもちろん、iOS、Andoroid、Web プレイヤーや Flash、そしてコンシューマー機など、様々なプラットフォームのための AAA クオリティーなゲームを制作することができます。",2012-06-09T14:29:18Z,2391063,22200,False,588
UCrXUsMBcfTVqwAS7DKg9C0Q,YouTube Japan 公式チャンネル,YouTube Japan 公式チャンネルでは、国内外で話題になっている様々なカテゴリの動画の再生リストをご紹介中です。YouTube が独自に実施するプログラムやイベントの動画もご紹介します。ぜひ、チャンネル登録して国内外で話題の最新動画をチェックしてください。,2006-03-05T12:10:46Z,304737079,1370000,False,124
UCkGf_kXNiDG_nXs4-WJkY-Q,レオンチャンネル,"『レオンチャンネル』を運営中の【 玩具レビューYouTuber 】 
チャンネル登録者134万人 
再生回数25億回以上 / 総再生数はYouTube日本 17位(※2020年7月時点)
月間2,100万PV 
Youtubeで玩具レビュー動画を毎日2〜3本アップしています 
2013年3月10日チャンネル開設、
2014年1月よりYouTuberプロダクションUUUM(ウーム)所属

【主なレビュー動画】
仮面ライダーセイバー/ゼロワン/ジオウ
魔進戦隊キラメイジャー
ウルトラマンZ
妖怪学園Y
S.H.Figuartsシリーズ(SHフィギュアーツ)
_____________________

編集ソフト：Final Cut Pro
カメラ：SONY α7RⅢ /  AX700
パソコン：MacBook Pro Retina 13 / VAIO Pro 11
三脚：SONY VCT-VPR1 

お手紙などは
〒107-6228 東京都港区赤坂9-7-1 ミッドタウン・タワー28F UUUM
レオンチャンネル 宛でおねがいします",2012-04-30T14:56:13Z,2633175011,1390000,False,6595
UCmNxeRg-IQ14_MOzEzyy3tA,9cubed,初心者向けのプログラム講座、パソコン講座、どうでも良い独り言などを公開しています。,2014-01-30T00:17:59Z,1746173,15000,False,283
UCgeaaH-K9-SLzMljthC9cwA,ABTVnetwork,"◇制作実績 ◇
日本モバイルカレッジ株式会社／株式会社リンクアカデミー／日本コロンビア株式会社／
ワーナーエンターテイメントジャパン株式会社／株式会社ブティック社／
株式会社エイチ・アイ・エス／パナソニック株式会社／株式会社リクルートホールディングス／
サムスン電子ジャパン株式会社／株式会社 東芝／パラマウント・ジャパン合同会社／
大塚製薬株式会社／WILLER TRAVEL株式会社／沖縄県・八重瀬町商工会／
ヒューマンアカデミー株式会社／リカサ株式会社／アート・クラフト・サイエンス株式会社／
株式会社GOLUCK／株式会社 発毛.com／トロシステムズ株式会社／三菱鉛筆株式会社／
株式会社ドリーミュージック／freee 株式会社／株式会社ＦＸトレード・フィナンシャル／
野村不動産アーバンネット株式会社／株式会社COM2US JAPAN／ひかりTV／CROWN VenuS／
タイガー魔法瓶株式会社／海外ドラマ専門チャンネル スーパー!ドラマTV／
Short Shorts Film Festival & Asia／スリーエム ジャパン株式会社／ソニー株式会社／
株式会社ハーバー研究所／日立製作所／日本コカ・コーラ株式会社／デジタルハリウッド大学／
シャディ株式会社／江崎グリコ株式会社／株式会社彩ファクトリー／トキハ産業株式会社／
株式会社ジアス／日本放送協会／USハイブッシュブルーベリー協会／アース製薬株式会社／
株式会社アンセル・ヘルスケア・ジャパン／内閣府／アマゾンジャパン株式会社／
関西医療学園専門学校／株式会社WOWOW／KDDI株式会社／株式会社アティカス／
公益社団法人日本青年会議所／株式会社劇団ニホンジンプロジェクト／
トーンモバイル株式会社／株式会社LAUGH TECH／株式会社ウィズ・アス／VideoBlocks／
名古屋工業大学／三重大学／福島県警察本部／杵築市観光協会／
一般社団法人日本タンナーズ協会／一般社団法人日本冷凍空調設備工業連合会／国立大学法人東京大学
ヒューマンホールディングス株式会社／Yの冒険R／川崎市／株式会社ポスタリテイト
日伸貿易株式会社／オートデスク株式会社／株式会社匠工房／富山県／埼玉県／

◇講師◇
・川崎市経済労働局次世代産業推進室
・公益社団法人 周南青年会議所
・ 東京都教育委員会 BumB東京スポーツ文化館",2012-01-04T09:47:18Z,24394223,86400,False,919
UCKPgDittmcqhf0v52rqNzAA,ブカピ 部活ONE,"ブカピ＝部活ピーポー

一生懸命部活に取り組んでいる人達をご紹介！！

みんなの動画も募集中！！
部活紹介・面白部員・スゴ技・一発芸など何でもOK！
チャンネル、テレビでご紹介します！！

▦ 応募方法 ▦
#ブカピ つけてTwitter、Instagram、TikTokに投稿！！

▦ #部活ONE! ▦
https://www.youtube.com/c/BukatsuONE",2018-06-06T08:57:01Z,44313970,55300,False,1102
UCmGDDIY4Q3x7mh8kgRShXRQ,ハルポップのゲーム,"ゲームの攻略、ゲームの裏技を主に扱っています。
たまにゲーム以外の動画もアップします。
公開している動画がもし悪かった場合は、どこが悪かったかコメントして頂けると幸いです。",2009-06-26T05:12:40Z,2969184,5420,False,60
UC8UXXTaoP6Xf-zGRLf0R46w,ワタナベカズマサ,"どうもこんにちは！ワタナベです。
生粋のガジェット好きです。

チャンネル自体は2013年に開設していますが、本格的に活動を開始したのは2018年の8月頃からです。

ガジェット・ゲーム・カメラなどについて動画にしているチャンネルになります。

その他趣味はプロレスや映画、アニメなどかなり多趣味な方と言われます。

気に入っていただけたらぜひチャンネル登録お願いします(^^)",2013-08-13T10:45:15Z,38841543,141000,False,942
UCg4nOl7_gtStrLwF0_xoV0A,SeikinTV,"【SEIKIN（セイキン）プロフィール】
動画クリエイター / シンガーソングライター
ジャンルにとらわれない幅広い内容の動画を数多く配信している動画クリエイター。
また、実の兄弟音楽ユニット「HIKAKIN & SEIKIN」のヴォーカル兼、作詞作曲を自ら手掛けている。",2012-01-29T16:53:15Z,3486163052,3920000,False,1756
UCz7liO84ZRJI_xX5jBGajZg,佐賀新聞[SagaShimbun],"佐賀新聞社が運営する、日本の地方紙では初めてのYouTube公式チャンネルです。佐賀県内CATV網で放送している「テレビ夕刊」を世界に向けて発信します。
SAGA-SHIMBUN is a newspaper in Japanese country Saga Prefecture. 
""Television evening newspaper"" broadcast with Saga prefecture CATV net is turned to the world and it sends it. 
（Please use the translation function of the title displayed with the image if you are not Japanese. ）",2009-04-13T10:02:10Z,10055660,10300,False,3697
UCRDtHmpEIcCzZFMyE6fmyPw,MACO_CHANNEL,"昨年、メジャーデビュー・ミニアルバム『23』がオリコン週間ランキングTOP10、iTunes総合1位を記録、レコチョク年間ランキングの新人部門1位に輝き、第29回日本ゴールドディスク大賞の新人部門でも受賞を果たしたシンガー・ソングライター。今年、人気アプリ「Couples」のアンケートでティーン人気No.1を獲得、YouTube総再生回数は4,000万回を突破。スマッシュヒット「LOVE」、「ふたりずっと」そして新曲「Kiss」（YouTubeドラマ『ラストキス』主題歌を収録した待望のファースト・フルアルバム『FIRST KISS』が大ヒット中！iTunes総合1位、レコチョク総合1位、オリコン週間ランキング自身初のTOP5入り！",2019-07-02T01:43:47Z,2730120,297000,False,14
UCyEd6QBSgat5kkC6svyjudA,Mark Wiens,"Food is the reason you should travel, and on my channel you'll watch videos about delicious street food and travel tips!

Hey, I'm Mark Wiens!

After graduating from university, I decided to travel for food. Eventually I ended up in Thailand, where I met my wife. My wife and I are now based in Bangkok, Thailand, but we travel frequently to find delicious food.

You'll find street food videos, travel vlogs, and plenty of Thai food videos as that's where I'm based.

I hope you're ready for a delicious food adventure!

Video Posting Schedule:
Sundays & Wednesdays at 8 pm Bangkok time (GMT+7), and some occasional extras. Subscribe now so you don't miss the next video!",2009-02-02T18:47:12Z,1536558637,7140000,False,1117
UCDwwZiOLmFWV_YmOgAks5Ug,ダストマンTips,ダストマンTipsは映像制作で使える小ネタを紹介するチャンネルです。,2017-09-28T05:54:01Z,4099735,70700,False,99
UCRwqTcUh7jMWqFjSYH3JHow,#ミニマリストライフ,"https://www.instagram.com/dougakaihou/
ミニマリストに憧れて95%の物を本当に捨てました。捨てた後は後悔どころか昔の物がいっぱい有る生活を思い出すと不快感を覚えるようになりました。
物を減らす秘訣は「好きな物を捨てる」事です。　必要な物と大好きな物は手元に残し、ちょっと好意をもっただけの好きな物を捨てる事で生活が豊かになります。

家も作品です。家は人生一番の買い物でも有り、賃貸でも一番大きな出費です。そこまで大金を出したのであれば家も作品として丁寧に扱うべきではないのかと考えます。高価な家を何となく好きと言うだけのガラクタで散らかすのはもったいないです。",2006-07-16T12:34:32Z,34135890,26800,False,12400
UCaG7jufgiw4p5mphPPVbqhw,サラタメさん【サラリーマンYouTuber】,"サラリーマンYouTuberのサラタメです🙋‍♂️

サラリーマンのあなたの、
タメになりそうなことをしゃべくり続けていきます。

▼サラタメさんチャンネルって、どんなチャンネル？
こちらのチャンネルは、オススメ書籍やニュースの解説など、ビジネスマンの方に役立つ知識を、聞くだけで理解できる音声コンテンツにして投稿しています。
（アニメーションも付けたりしてますが、音声だけでも理解できるように制作しています！）

通勤中・食事中・寝る前などスキマ時間にぜひご活用ください！

・著作権者(著者、訳者、出版社)のみなさま
当チャンネルでは書籍やニュースで得た知識を元に、動画を制作しております。
弁護士指導の下、書籍やニュースの内容解説をするにとどめ、原著作物の表現に対する複製・翻案とはならないよう構成し、まず何より著者の方々、出版・報道に携わる方々への感謝と敬意を込めたチャンネル運営を心懸けております。
しかしながら、もし行き届かない点があり、動画の取り下げなどご希望される著作権者の方は、お手数お掛けしまして恐れ入りますが、下記いずれかの方法にてご連絡いただけますと幸いです。
Twitter DM｜https://twitter.com/SALATAME_media
メール｜salatame3@gmail.com
↑Twitter DMの方が確認頻度が高く、早急にご対応できるかと思います。
 
引き続き、つくり手の方への感謝と敬意を込めてチャンネルを運営していきますので、今後とも宜しくお願い申し上げます。",2018-12-08T04:55:55Z,28197566,512000,False,85
UCSwW7Cgtn1Bq74YGiIY2UFg,MUPカレッジ,"【社会人のための学校MUP】竹花貴騎運営のYouTubeビジネスチャンネル

竹花貴騎（たけはな たかき）。 竹花貴騎（たけはな たかき）1992年生まれ(28歳)/ 海外在住。2017年当時24歳で独立しSNS分析及びSNSマーケティング会社を設立。設立4年で45,000社を超える集客支援実績。2020年6月に同社を売却。現在は投資運営や財団運営を行う側、趣味でオンライン教育プラットフォームMUPカレッジ講師を担当。

■社会人の学校MUPの入学！
https://www.takakitakehana.com/mup

【竹花貴騎】
公式HP：https://www.takakitakehana.com/
企業HP：https://www.lim-fund.com/
公式IG：https://www.instagram.com/takaki_takehana/
公式FB：https://www.facebook.com/takaki.c.takehana
公式TT：https://twitter.com/takaki_takehana

【MUPカレッジ】
公式HP：https://www.takakitakehana.com/mup
公式IG：https://www.instagram.com/mup_college/


",2017-01-14T09:25:45Z,32144672,347000,False,207
UCL6JY2DXJNDOIqCP1CRADng,エガちゃんねる EGA-CHANNEL,"お笑い芸人、江頭2:50がYouTubeを始めます。
「YouTubeでやりたいこと全部やってやる！おもしろいこと全部やってやる！」
世界のEGA目指して江頭2:50、頑張ります。

Egashira2:50 is a BADASS SAMURAI !!!
Please  Subscribe !!!

サブチャンネル「エガチャンネル〜替えのパンツ〜」
https://www.youtube.com/channel/UCU607BfClX724VqZZ9zWWcA


※江頭2:50は特別な修行を積んでいるため、
　このチャンネルの動画のマネをする時は自己責任でお願いします。

【お問い合わせ先について】
※エガちゃんねるへのご依頼・ご相談はこちら
　info@bampeiyu.com

※江頭２：５０への仕事のご依頼・ご相談はこちら
　info@bampeiyu-mgmt.com
",2020-01-31T06:44:47.456277Z,174762950,2270000,False,124
UCFo4kqllbcQ4nV83WCyraiw,中田敦彦のYouTube大学 - NAKATA UNIVERSITY,中田敦彦が「教育系YouTuber」として、学べる動画を毎週４本更新（火・水・土・日）。もっと学びたい人はウェブコミュニティ「PROGRESS」へ。入会はコチラ https://www.nakataatsuhiko.com/fanclub-salon,2018-02-06T10:34:49Z,563281383,3350000,False,531
UClLV6D8S4CrVJL64-aQvwTw,HIKAKIN,"I'm a Japanese Beatboxer.

◆プロフィール◆
YouTubeにてHIKAKIN、HikakinTV、HikakinGames、HikakinBlogと
４つのチャンネルを運営し、動画の総アクセス数は60億回を突破、
チャンネル登録者数は計1070万人以上、月間アクセス2億回達成。
YouTubeタレント事務所uuum株式会社ファウンダー兼最高顧問。
ビートボックスにおいては、ポップからゲームミュージックに至るまで
様々なジャンルを口だけで再現するそのスキルは世界中から絶賛され、
数多くの人を魅了している。2013年にはエアロスミスのツアーに参加。
シンガポール、大阪で共演し世界中にその名を轟かせた。
ビートボックス以外にもHikakinTVチャンネルでは登録者500万人を超え、
顔出しブロガーとしては日本で最も視聴されており、新たに開設した
ゲーム実況のHikakinGamesチャンネルにおいても登録者300万人を超え、
ゲーム実況ジャンルにおいて日本最大級のチャンネルになっている。",2006-12-30T12:27:42Z,493060510,2410000,False,167
UCb9h8EpBlGHv9Z896fu4yeQ,マナブ,"こんにちは、マナブといいます。

ブログ・アフィリエイト・プログラミングを愛しています。

過去の経歴は、「新卒でセブ島に就職→11ヶ月で退職→フリーランス→起業→起業失敗→バンコク在住のフリーランス」といった感じで、平和に生きてきました。

普段は、ブログで月500万円くらいを稼ぎつつ、基本的には家にひきこもって生きています。Youtubeでは「ブログ・アフィリエイト・プログラミング」に関する情報を発信します。

-----------------------------------------------------------------------
SNS
-----------------------------------------------------------------------

【BLOG】
https://manablog.org/


【Twitter】
https://twitter.com/manabubannai


【インスタ】
https://www.instagram.com/manabubannai/


-----------------------------------------------------------------------
販売している商品
-----------------------------------------------------------------------

■ブログ型アフィリエイトの完全講義
https://manablog.org/blog-life-start/


■ Manablog Copy｜SEOと読みやすさを追求したテーマ
https://manablog.org/manablog-wordpress/


■プログラミング独立の完全ロードマップ
・無料版：https://manablog.org/code-life-start/
・有料版：https://manablog.org/code-life-open/


■YouTubeで稼ぐための完全ロードマップ
・無料版：https://manablog.org/youtube-life-start/
・有料版：https://manablog.org/youtube-life-open/",2011-10-06T06:28:48Z,58486055,495000,False,584
UCLy6cdUrtev5dlobuYSJSaw,コードネームF,"皆さんこんにちは、コードネームFです！
プログラミング・ブログ・Youtubeをやっています。

このチャンネルでは大学生をターゲットとして
プログラミングに関する完全攻略法について動画を配信しています

このチャンネルを登録することでプログラミングに関する役立つ情報を受け取ることができます

==============【SNS】===============

【Twitter】
フォロワー1300人突破！！プログラミングに関する情報発信をツイート！
https://twitter.com/CodenameF0489

【Instagram】
プログラミングの情報をテキストで配信中
https://www.instagram.com/code.name.f/?hl=ja

【LINE公式】
プログラミングについてのコンテンツやコラムを随時配信！
ID検索は「@471fdlis」と入力してください
https://line.me/R/ti/p/%40471fdlis

【プログラミングLP】
プログラミング完全攻略の秘伝書
https://codenamef-lp.com/

【stand.fm】
プログラミングやトレンドに関する情報を音声で配信しております。
https://stand.fm/channels/5f5816b4f04555115dc4070d

【運営ブログ】
プログラミングについての記事を絶賛配信中！
https://www.codenamef.com/

【noteブログ】
https://note.com/codename_fblog42


",2020-09-10T07:04:26.508424Z,3168,0,True,26
UC_HLK-ksslL-Z_2wiIZDlMg,KENTA / 雑食系エンジニアTV,Web系エンジニアになりたい方たち向けの情報や、Web系エンジニアのキャリア戦略等を発信しています。,2018-01-19T08:27:54Z,5527719,55100,False,233
UCB1dgsqLiEp57oDAyNV_vww,ABEMA報道リアリティーショー アベプラ【公式】,"過度な演出や切り取りを完全排除。
たっぷり時間をかけて、ニュースの本質を探る報道リアリティーショー「ABEMA Prime」です。

伝えることだけに満足せず、社会課題を解決するには何が必要なのか？出演者や視聴者の皆さんと一緒に考えます。

番組には、芸人からジャーナリスト、社会起業家、AV女優まで、
幅広いジャンルで活躍する論客がレギュラー出演、カタガキ抜きのリアルな言葉でニュースを斬ります。

ほかのメディアでは見られないアベマならではの尖った特集にもご期待下さい。
",2019-06-07T02:23:37Z,169859125,312000,False,560
UCge8FTPPoGnwgfYxPvbdCKg,日本一のマジシャン ポンチ,"マジック動画チャンネル　毎日夜8時にマジックの種明かし＆解説してます
稼げてモテるためのマジックを紹介していきます
マジックでいくら稼いでいるのかすべてお見せします",2017-02-09T17:23:06Z,107792840,274000,False,709
UCXYk5EspXbCUpDpZzrltQjg,佐原まい,"人生をクリエイティブに生きる為の情報を発信しています♪

是非、チャンネル登録よろしくお願いします！！",2019-06-14T12:22:54Z,3016331,35800,False,171
UClX3YSREJp3ELuv2wFAYOzA,恭チャンネル,"◇Twitter　@kyouitirou2525
◇普段はここでゲーム配信しています→https://www.twitch.tv/dmf_kyochan
◇サブチャンネル　https://www.youtube.com/channel/UCXlurN679Hgl2UxJAX493QA",2013-11-07T23:09:35Z,748823523,1280000,False,1546
UCH61VpwvpBYKT5BpGNbMUQw,【IT・プログラミングLab】伊沢 剛,"伊沢　剛（いざわ　たけし）です。
ICTやプログラミングに興味がある方を対象としたビデオを公開しています。

チャンネルの理念：楽しくわかりやすい動画の提供
ミッション
・プログラミング学習動画の配信
・ICT活用に関する動画の配信
・経営・ビジネスに関する動画の配信
・個人的に気になるトピック（グルメなど）を動画で配信
著書
・めんどうな作業が秒速で終わる！Excel x Python自動化の超基本 （宝島社）2020年　
講演会実績
2020/11/6
PTA教育講演会（東雲ブロック　広島県福山市）　テーマ：「親子で学べるインターネット」
メディア掲載
2020/10/27
ツクレル Python × AIで議事録作成プログラムを作ってみる
https://tkrel.com/12983

2020/10/13〜16
@DIME 短期集中連載
第1回 単純な事務作業の労力を10分の1以下に軽減する時短ツール「Excel×Python」活用術
https://dime.jp/genre/1003655/
第2回 事務作業の手間を10分の1以下に圧縮！プログラミングの専門知識がなくてもできるExcel×Pythonで最低限押さえたい3つのルール
https://dime.jp/genre/1003673/
第3回 何万回のコピペ作業がゼロに！Excel作業を自動化するPythonプログラムはこんなに便利だった
https://dime.jp/genre/1003679/
第4回 目からウロコ！Excelのスキルが劇的にアップする時短ツール「Python」活用術
https://dime.jp/genre/1012959/

2020/9/6
東洋経済オンライン 　事務作業を自動化する｢Excel×Python｣の威力
https://toyokeizai.net/articles/-/372913

雑誌掲載
DIME 2020年8月号
Youtubeで始める学び直し（51ページに掲載）

所有資格
・ITストラテジスト
・AWS 認定 ソリューションアーキテクト　アソシエイト
・応用情報技術者
・情報セキュリティアドミニストレータ
・MTA（ネットワーク、セキュリティ、データベース）
・電信級アマチュア無線技士　ほか",2007-04-26T13:27:51Z,4265631,29600,False,601
UC0yQ2h4gQXmVUFWZSqlMVOA,"ひろゆき, hiroyuki",Howdy?,2016-01-30T22:16:05Z,34603222,314000,False,197
UCqevhAfWJEL2PNE-WV8L-yA,ロクメガ ゆっくりチャンネル,"ロックマンをメインとしたチャンネルになります。
ロックマンで雑談や実況、レビュー、新作紹介など、ロックマンの布教のために全力を尽くすチャンネルです。


ツイッター＝https://twitter.com/garapagosuX",2018-04-08T07:57:46Z,6636592,15700,False,467
UCXjTiSGclQLVVU83GVrRM4w,堀江貴文 ホリエモン,最近は時事ネタを撮って出しで詳しく解説したり、ブライベージェットとかのガジェットリポートとかすることが多いです。動画これまで沢山面白いの作ってるので是非見てください,2009-03-03T10:52:41Z,253886877,1170000,False,2817
UCAL3JXZSzSm8AlZyD3nQdBA,Primitive Technology,"Primitive technology is a hobby where you build things in the wild completely from scratch using no modern tools or materials. These are the strict rules: If you want a fire, use a fire stick - An axe, pick up a stone and shape it - A hut, build one from trees, mud, rocks etc. The challenge is seeing how far you can go without utilizing modern technology. I do not live in the wild, but enjoy building shelter, tools, and more, only utilizing natural materials. To find specific videos, visit my playlist tab for building videos focused on pyrotechnology, shelter, weapons, food & agriculture, tools & machines, and weaving & fiber.

FAQ
Q.Where is this? 
A.This is in Far North Queensland Australia.
Q.Do you live in the wild?
A.I don't live in the wild but just go into the bush to make these projects. Also I camp out here occasionally.
Q.How did you learn all this?
A.Researching books and internet plus trial and error. I'm not indigenous and have no army training.

Check out my blog below.",2015-05-01T23:35:46Z,943279421,10300000,False,51
UCF7IKesFOYQb34uzNiuNDqQ,KYOKO,"KYOKO
株式会社TwinRing代表取締役 水谷恭子（みずたにきょうこ）
1987年生まれ岐阜県岐阜市出身。
現在は3人の子供を育てるシングルマザー経営者。
総フォロワー15万人、女性ビジネス系YouTuber。

【所有資格】
・小学校教諭一種免許状
・特別支援学校教諭一種免許状
・学校図書館司書教諭
・認定SEOコンサルタント（https://www.zennihon-seo.org/abekyoko.html）
・認定SEOスペシャリスト
・SEO検定１級
・WEBライティング技能検定１級

多彩なWEBスキルを身につけるためのオンラインスクール「副業の学校」を運営。
https://fukugyou-gakkou.jp/

経済的自立の方法や時間がなくても収入を高める術をYouTubeやブログ、SNSにて情報発信している。

「家庭×育児×ビジネスでも成功する」をコンセプトにビジネス論、マーケティングについて講演、執筆、コンサルティング事業に取り組んでいる。

【KYOKOのメディアまとめ】
YouTube：https://www.youtube.com/channel/UCF7IKesFOYQb34uzNiuNDqQ
KYOKO BLOG：https://only-afilife.com/
Twitter：https://twitter.com/KYOKO_Affiliate
Instagram：https://www.instagram.com/kyoko_ism/
Voicy：https://voicy.jp/channel/1357/106496
LINE@：https://line.me/R/ti/p/%40dnb8136i

",2015-04-03T03:57:29Z,7089891,116000,False,205
UC9vXLEy6CNZ0tk20n6nf9cQ,【マネーの虎】,,2016-11-10T11:12:37Z,9271301,10800,False,108
UCaminwG9MTO4sLYeC3s6udA,ヒカル（Hikaru）,"どうも、こんにちはヒカルです。
このチャンネルでは都市伝説や、心霊体験（ホラー）、他には実験検証、ドッキリ、カード開封、UFOキャッチャー、1000円ガチャなど楽しそうなことを中心に動画をアップしています。

ヒカルゲームズという集団でも活動しているので、
気になったら検索してみてください。",2016-03-18T09:12:33Z,3193548057,4270000,False,1601
UC7RIzZIjbYG7igj2XKzkKLA,Eguchiannel / 江口勇輝Official,趣味でPremiereProの動画編集やWordPress(ワードプレス)をやっています。,2014-11-28T12:34:48Z,93484,174,False,162
UCo-l3ZXZfZsbKsu1YCOhMDQ,人生サイキドウ通信-Met-,"▼人生サイキドウ通信！ブログ
https://life-reboot.com
▼人生サイキドウ通信！Twitter
https://twitter.com/SugiuraMizuki

◇放送用チャンネル◇
https://www.youtube.com/channel/UCzBewV1XJQaX9osntdSJjJQ
◇ハロプロ系チャンネル◇
https://www.youtube.com/channel/UCOyR_q5rzOH_e_l-r4nF_4Q

◇LINEスタンプ◇
https://store.line.me/stickershop/product/4017227
◇グッズ◇
https://hell-m.booth.pm/

◇ハロプロ系ブログ（Met's BLOG）◇
https://hell-m.com/
◇Twitter◇
https://twitter.com/met_hell
◇ほしいものリスト◇
http://www.amazon.co.jp/registry/wishlist/2430S806U5XJP",2017-09-14T13:42:45Z,3758951,14200,False,390
UCphTq6mefx_15CjD35qgXgA,たにぐち まことのともすたチャンネル,学ぶ。をちゃんとをコーポレートテーマに、プログラミングを学びたい人を応援しています。YouTube動画の他、Udemyでの動画教材販売、書籍等の執筆や販売を行っています。,2012-03-22T14:30:08Z,2020967,31100,False,303
UC9WJo5ZJVXMZiA5XV2jLx5Q,吉田製作所,"■■お問い合わせ■■
各種お問い合わせはお問い合わせフォームよりお願いします。
https://netank.net/youtube-mail

商品提供、いわゆる企業コラボ、動画広告等はすべてお断りします",2018-03-01T13:13:19Z,243628726,717000,False,359
UCs7rJz4WvRVd0-PbXKiBi2Q,税理士大河内薫の税金チャンネル,"はいどうも！
税理士の大河内薫です。

税金って聞いて、どんなイメージが湧きますか？
お金と聞いて、いやしいイメージってありますか？

物心ついたときからお年玉のゆくえを気にするし、死ぬ間際まで葬儀代のことで悩んだり。
それなのに日本では、公共の場で「お金の話をするのはちょっと気が引ける」

それもすべては洗脳教育のせいです。
税金やお金に触れない日なんてないのに、なぜか学校では教えてくれない…！！

だからこのチャンネルでは、専門家の大河内が「学校では教えてくれないお金や税金」の話を発信しています。
従来にないような「カジュアルかつフランクに」、そして「日本一わかりやすく」を目指して。

年金だけじゃ老後資金が2,000万円～5,000万円足らない事実……メディアが大騒ぎしなければ、ほとんどの人が気づきませんでした。
税金やお金って、知っている人だけが得をする仕組みになっています。

一緒に学んでいきましょう^^


~チャンネルの軌跡~
2019年3月　YouTubeライブちらほら
2019年4月　毎日更新開始
2019年5月　チャンネル登録1,000人
2019年6月　チャンネル登録1万人
2019年7月　チャンネル登録2万人
2019年8月　〜3週間お休み〜
2019年9月　チャンネル登録3万人
2019年10月　チャンネル登録4万人
2019年11月　チャンネル登録5万人
2019年12月　チャンネル登録8万人
2020年1月　  チャンネル登録10万人
2020年2月　  チャンネル登録12万人
2020年3月　  チャンネル登録13万人
2020年4月　  チャンネル登録14万人
2020年5月　  チャンネル登録15万人
2020年6月　  チャンネル登録17万人
2020年7月　  チャンネル登録19万人
2020年8月　  チャンネル登録20万人
2020年9月　  チャンネル登録21万人
2020年10月　チャンネル登録22万人
2020年11月　チャンネル登録23万人

※現在は月・水・金の週3更新！ 
毎週日曜20時はYouTubeライブ！",2019-02-08T16:24:26Z,14017747,247000,False,318
UCUARkmYU3gZK7WueJ-GlGig,【ITすきま教室】渡辺さき,"▼ 【ITすきま教室】渡辺さきです。すきま時間でさくっと勉強できるIT国家資格のコンテンツを配信しています！
Twitter：@skwx / Instagram： @picopocos

▼お仕事のご依頼・相談のお問い合わせは、下記のフォームよりご連絡ください。
https://it-sukima.com/contact/
",2012-06-14T15:52:18Z,1763829,32600,False,90
UCJsEBx7hV04Q02Yz9iAgXuQ,東京フリーランス,"こんにちは。フリーランスの羅針盤となるメディアサイト『東京フリーランス』です。 一線で活躍するフリーランスへのインタビュー / プログラミング等の学習コンテンツ / 現役弁護士による法律アドバイス / 便利なツールやサービス紹介 など、フリーランスの皆さんに役立つコンテンツを配信しています。

✅フリーランスのためのメディアサイト『東京フリーランス』
https://tokyofreelance.jp/

✅LINE＠：記事更新の通知や限定ニュースの配信はこちら
line://ti/p/@vux5063t

✅フリーランス同士の情報交換や交流ができる無料サロン『東フリサロン』はこちら
https://bit.ly/2w7wfnp",2019-04-10T12:25:11Z,2044789,39800,False,60
UCQPBOMfkxJuEgM04M-HMLKw,SeiyanLab,"SeiyanLab Season 2はガジェットの開封やレビュー、新作ゲームの紹介などの動画を投稿しています。

SeiyanLab Season 2が以前のSeiyanLabと異なる点
・顔出しではなく、初期のUJXChannelのような手元を映した動画スタイル
・ウェブカメラを使った気軽な撮影スタイル
・ほとんど編集をしない生放送のような雰囲気

懐かしさがあり、新しさもあるSeiyanLab Season 2をどうぞよろしくお願いします。",2015-01-05T10:18:50Z,47733,23700,False,12
UC642pLj4GXSj-0Ybdx3ytmA,カジサック KAJISAC,"吉本興業所属のお笑い芸人キングコング梶原が、新米 Youtuberの「カジサック」となりました。
カジサックの部屋に様々なジャンルの達人たちを招き、成長していきます。
2019年末までにチャンネル登録者数100万人を目指して頑張ります！
⇨おかげ様で2019年7月に100万人突破しました！ありがとうございます。
これからは世界のトップユーチューバーを目指します！なにとぞ応援よろしくお願いいたします。",2018-08-28T07:32:29Z,878330256,2170000,False,746
UCq3Ct-r3-XbGxDiG7BGu2dQ,鴨頭嘉人（かもがしら よしひと）,"鴨頭嘉人（かもがしら よしひと）【メインチャンネル】
人生に役立つ「生き方・コミュニケーション」などを中心に、週２回火曜・金曜の20時配信予定

鴨頭嘉人のビジネス YouTube【サブチャンネル】
仕事に役立つ「ビジネス・マーケティング」などを中心に、週２回水曜・土曜の20時配信予定


YouTube講演家 鴨頭嘉人
株式会社東京カモガシラランド 代表取締役社長
 　
高校卒業後、東京に引越し19歳で日本マクドナルドにアルバイトとして入社 4年間アルバイトを経験した後、23歳で正社員として入社。 30歳で店長に昇進。32歳の時にはマクドナルド3300店舗中、 お客様満足度日本一、従 業員満足度日本一、 セールス伸び率日本一を獲得し最優秀店長で表彰される。 その後も 最優秀コンサルタント。 米国プレジデントアワード、米国サークルオブエクセレンスと国内のみならず全世界のマクドナルド表彰も全て受賞する功績を残す。
 　
2010年に独立。現在は組織構築・人材育成・セールス獲得についての講演・研修を行っている日本一熱い想いを伝える「炎の講演家」として活躍する傍、リーダー・経営者向け書籍を中心に15冊（海外2冊）を出版する作家としても活躍。
また伝わるコミュニケーションスキル・伝えるスピーチスキルを身につける「話し方の学校」「ビジネスYouTuberの学校」の学長として、7,000名以上に【目的が達成できる伝達力】【YouTuberとして自ら成果の出た自分の売り方】を教えている。

「良い情報を撒き散らす」社会変革のリーダーとして毎日発信しているYouTube（通称：鴨Tube）の総再生回数は1.7億回以上再生され、チャンネル登録は100万を突破。日本一のYouTube講演家として世界を変えている。",2012-09-04T02:10:05Z,207883500,1070000,False,1243
UCFTVNLC7ysej-sD5lkLqNGA,Yuka Kinoshita木下ゆうか,"１８時にアップします！

こんにちは、木下ゆうかです！
食べる事が大好きで、大食いの動画をメインに投稿しています！

ライブは、Twitter 木下ゆうか Yuka Kinoshita ( @mochiko0204 )で  ＃木下ゆうかの晩ごはんライブ　つけてtweetしてます( ¨̮ )
たまーに私生活に関する動画やレビュー動画もアップしてます。

よろしくお願いします\(* ¨̮*)/\(*¨̮ *)/

お手紙などは
〒150-0044
東京都渋谷区円山町28-1 渋谷道玄坂スカイビル8階
株式会社トリドリ 木下ゆうか宛
※冷蔵・冷凍が必要な、なま物の受付はできません。

でお願いします！

みやぎ絆大使に任命していただきました！
http://www.miyagibussan.or.jp/shop/item_list?category_id=487842&cur=6&sort=5&num=10

I upload videos daily @18:00 Tokyo time (as often as I can) 

Hello, my name is Kinoshita Yuka! 
I love to eat and OoGui (eating a lot) is my 
channel's main focus.
Once a week I have started to do an eating livestream 
(Mukbang) this usually starts every Sunday night @ around 19:00 Tokyo time 

You can follow me on my Twitter 木下ゆうか　Yuka Kinoshita ( @mochiko0204 ) 
also make sure to use the #木下ゆうか and I'll tweet it out
I look forward to your tweets

For letters and packages please send to 
150-0044
8F Shibuya Dogen-zaka Sky Building 
28-1 Maruyama-cho, Shibuya-ku, Tokyo",2014-05-21T11:01:01Z,2073739224,5500000,False,2049
UCvHF73r09KvqCDMyIlmlmAg,UUUM TV,"UUUM TVへようこそ！
このチャンネルではUUUM所属YouTuberの裏側やイベントや注目の動画などを公開しております＾＾

是非、お楽しみください！",2013-11-06T09:35:38Z,105772078,335000,False,545
UC8IWoNfegB72Q2nT9GJy2zQ,セイト先生のWeb・IT塾,"🔽自己紹介
こんにちは！
Web開発会社でVPoEやってます。日本とフィリピンを行き来してます。
プログラミング講座、Web/IT業界の話を発信しています。:)

🔽タグ
#JavaScript #エンジニア採用 #オフショア開発
#IT業界  #Web業界  #自社開発 #受託開発
#プログラミング講座  #駆け出しエンジニア
#就職活動  #転職活動　#副業

🔽SNS
Twitter: https://twitter.com/seito_horiguchi
TikTok: https://www.tiktok.com/@seito2020
GitHub: https://github.com/seito-developer
Blog: https://liginc.co.jp/author/horiguchi

🔽お仕事など
何かあればメールかTwitterのDMをお願いします！
得意なこと：JavaScript系の開発案件、エンジニア採用、オフショア開発、イベント登壇、研修、など

よろしくお願いいたします。",2019-12-21T22:56:18.014774Z,2304178,44800,False,82
UCZJeS1CeIth990hXUtDeVYA,やまけん山田研太,,2013-06-13T04:46:29Z,340457,4790,False,195
UCv-UKqSp_S9nrm2KWKk0dpw,本気のパソコン塾,"三浦宙也(Chuya Miura) 人生をもっと楽しくより豊かに. 

Twitter: https://twitter.com/honki_pc
Instagram: https://www.instagram.com/honkipc/
Facebook: https://www.facebook.com/honkipcofficial/
本気のパソコン塾: https://honki-pc.jp/",2016-04-25T14:04:27Z,3789276,37200,False,289
UCMsuwHzQPFMDtHaoR7_HDxg,ゆきりぬ,"どうもゆきりぬですっ
チャンネルに遊びに来てくれてありがとう🐵🌷
このチャンネルではゆるーい日常のなかで色んなことにチャレンジしていく様子をゆるーくアップしています！

↓メインチャンネルには上げられないゆるすぎる動画はこちら↓
『ゆきりぬえとせとら。』
https://www.youtube.com/channel/UCCUUuxiedzRwJz1_na1zc1w

お問い合わせはUUUMまでお願いします！
http://www.uuum.co.jp/inquiry_promotion",2016-06-01T20:20:51Z,449393035,1230000,False,1075
UCem4eaCUWu-Wzp8ZuLQeFwg,ポケットウィズ,"３人組のYouTuber！皆と仲良くなれる動画作りを頑張ります！！！チャンネル登録して貰えたら嬉しいです^ ^

■ツイッターはこちら
■おにさんのTwitter
https://twitter.com/onisan0607
石丸のTwitter
https://twitter.com/ishima_ru777
さとん。のTwitter
https://twitter.com/satontomon

■インスタはコチラ↓
https://www.instagram.com/onisan0607/?hl=ja
■ミクチャはコチラ↓
https://mixch.tv/u/8905978

■コラボ・依頼のご連絡はこちらです
yuumail0607@gmail.com",2012-09-20T15:22:06Z,211266967,564000,False,208
UCWbB8rGkcOc58YYS0QaCG3w,ケニチkenichi,"YouTube登録27万人、年間300軒以上行く私が居酒屋を紹介させていただくチャンネルです。
動画投稿本数2500本以上・家族構成４人家族【妻・娘・息子】

★日本酒検定3級・ウイスキー検定3級・JGC会員・管理美容師★

【趣味】
居酒屋巡り・旅行・バイク・キャンプ・囲碁（アマ1級風）・男料理

ケニチの裏側【撮影ハプニング・独り言・撮影風景・ＮＧ集】
https://www.youtube.com/watch?v=NJHoCeEvPDY&list=UUMOWbB8rGkcOc58YYS0QaCG3w

撮影機材（α6600・LUMIXーS5・G9pro・G8・G7・AS300)

///// お問い合わせ /////

製品紹介のご依頼 /  イベントの告知・取材など
お仕事のお問い合わせは下記よりお願い致します。
https://funmake.net/promotion/
 (ケニチ宛)

///// お便りの宛先 /////

お手紙・贈り物などは下記住所へお願い致します。
(なまものなど腐る恐れのある食べ物はご遠慮頂ますようお願い致します。)

〒530-0011
大阪市北区大深町3番1号
グランフロント大阪ナレッジキャピタル8階K801
株式会社FunMake(ケニチ宛)
https://funmake.net

（注意事項） 
・UPした動画や音声の無断転載・二次利用・改変などはお断りします。
・誹謗中傷や他人に不快感を与えるコメントは事前通知なしにコメント削除、及びブロックなどの処置をとらせていただく場合があり­ます。予めご了承ください。",2013-04-24T02:08:37Z,169512213,279000,False,2657
UCti6dG0zSAetLGGYcgNML4Q,しまぶーのIT大学,"スペースマーケットクリエイタープログラム参加中
https://event.spacemarket.com/magazine/service/creators-support-program/

👨‍💻 自己紹介
「Yahoo! JAPAN」でプログラマーとして働いていました。現在は起業家として新規サービスを開発中です。プログラミング講座、就活対策、IT業界ニュースについて発信しています。

🔥タグ
#IT業界  #Web系  #自社開発
#プログラミング講座  #駆け出しエンジニア
#就職活動  #転職活動  #就活講座  #面接対策
#リモートワーク  #テレワーク  #在宅勤務  #副業

🌏 SNS
Twitter: https://twitter.com/shimabu_it
Instagram: https://www.instagram.com/shimabu_it

🙇‍♂️ お仕事
ご依頼はメールまたはTwitter の DM にてお願いいたします。チャンネル登録をしてくださっている方は「プログラミング学習中」「IT 系に興味がある」「就職・転職活動中」が多いかと思われます。【ユーザー層】18～24歳: 35%、25～34歳: 38%、35～44歳: 15%（2020年7月）

よろしくお願いいたします。",2019-10-21T12:16:56.165309Z,3768537,77300,False,131
UCeTCw2JaGIP1W1uva6eSVQg,マスザワ内閣,"東大法学部卒業後、サラリーマン3年間を経てYouTuberの道へ。
チャンネル登録者5万人という実績を活かして、現在は企業のYouTubeチャンネル運用代行・動画制作会社を経営。

自身のチャンネルと合わせて１０チャンネル以上の運営に携わっています。
YouTube開設や運用に関しては弊社までぜひお問い合わせください。
株式会社グッドフェイラー　公式HP
https://goodfailure.co.jp/

＊マスザワ内閣の広告収益の１０％は社会団体へ寄付しています＊",2018-09-08T11:10:48Z,8715740,0,True,184
UCVmp-E9UdWsf4HViovmcv1Q,ちんともチャンネル,"どうもこんにちは、ちんともで〜す。
このチャンネルでは
・スキルをつけて稼ぐ話
・会社経営の話
・Vlog
などを上げていく予定です！

チャンネル登録してくれたら喜びます。",2013-05-02T08:25:07Z,50085,1220,False,20
UCHFVNbydQNvuVqFS6GMnNGg,動画っ校 by 那須裕介,"動画っ校は映像クリエイター向けのYouTubeチャンネルです。みなさんと一緒に動画制作の方法を学び、ストーリーを伝える技術を高める、それがこのチャンネルの役割です。

動画っ校で取り扱う内容は様々。例えばカメラ、ジンバル、ドローンなど撮影機材の紹介から、Premiere ProやAfter Effectといった編集ソフトの使い方、更には構図・カメラワーク・ライティングなど映像撮影の具体的な理論まで、幅広く取り上げていきます。

もしみなさんが動画制作のスキルを学び、ストーリーテリングの技術を高めたいのであれば、動画っ校は最適のコミュニティです。

だからぜひチャンネル登録してみてください。そして、一緒に映像クリエイターの世界を楽しみましょう！",2018-01-08T01:58:05Z,1712865,34900,False,113
UCWdFb_w3JI1BPTiBCXERg2Q,AK in カナダ｜AK-English,"Akane（あかね）
AK-English代表・バンクーバー政府観光局大使。
英語が苦手な学生時代から普通のOLを経て、2014年からバックパッカーに。
一時帰国中に大手英会話教室の講師として採用され、同時にテレビ局や企業、公的機関等で通訳として活動。
テキストを多用した従来の指導法に疑問を持ち、自分の経験を元にした AK-English を大阪に立ち上げる。1回払い1000円、教材費なしのシステムで、開講半年で生徒数100名を突破。
2017年、カナダの学校から仕事のオファーがあり移住。
2018年、バンクーバー政府観光局大使に就任。
2019年、カナダでAK-Media設立

5bucksおじさん（ふぁいぶばっくす・おじさん）
平日はバンクーバーのカレッジ学校長を務めるカナダ人。
日本に17年間滞在し、公立高校での指導歴もある。
Instagramでは５bucksおじさんの愛称で知られる人気者。
長年、バンクーバーの大手語学学校で大学へのパスウェイプログラムを担当。
語学留学のエキスパート。

Website: https://ak-media.ca/",2016-05-11T03:47:11Z,37763819,530000,False,138
UCRpRQ48LGfMpYojZo7Srabg,Youseful / 人材教育の図書館,"Youseful（ユースフル）チャンネルは「働き方を変える」をテーマに、個人が抱えるキャリアやスキルの悩み、組織人事が抱える人材開発や育成の悩みを解決するコンテンツをお届けしています。Excel・Word・PowerPoint・Access・Outlook・GoogleなどのIT仕事術の他、現代で求められるビジネス基礎力はここで全て学べます。

企業研修や採用支援、メディア取材等、お仕事のご依頼はこちらからお願い致します。 https://youseful.jp/

",2014-11-09T01:21:05Z,8483821,112000,False,341
UCQs-tWGqacJ7vuuJDtXq28w,キッズライン♡Kids Line,"子育て中のファミリー向けチャンネルです！
おもちゃの紹介やキッズマナー、家族でお出かけ動画など親子で楽しめるような動画を公開しています。ホッと一息タイムに活用してもらったり、おもちゃを購入する際やお出かけの参考にしてもらえると本望です❤
私自身、子育て真っ最中のママです。ベビーの頃は、子供を産む前の自分の想像を絶するほどの大変さに驚きました。２人で１つ状態は、幸せな反面まとわりつかれると何もできないことに苦悩しまた。カワイイんですけどね。世界中の子育て世帯の少しでもお役に立てたら幸甚です。This is a family-friendly channel that best fits during parenting!We publish videos that parents and children enjoy, such as introductions to toys, kids manners, and family go outs. It would be a pleasure if the channel could be some of a help and enjoyment for parents around the world. 

こうくんねみちゃんをモチーフにしたアニメ【HAPPY SMILE ❤ DREAM】更新中！
おもちゃアニメ↓
Toy Kids★トイキッズ　https://www.youtube.com/channel/UCw5w-gK3yxrfmexZy49Lg7w
アニメキッズ　https://www.youtube.com/channel/UCoYo1YQQyNzUUDm9Gy-qXFA
ToysLine　https://www.youtube.com/channel/UCevn5MxVWTTmIhJlBRt86Ig
◆ビジネス関係のお問い合わせはこちらへ！
kidsline@hapiton.com

◆お手紙などはこちらへ！
〒150-0002　東京都渋谷区渋谷2-7-5 ヒューリック渋谷2丁目ビル 2F
SCデジタルメディア(株)内キッズライン係宛

All Content © 2018 ｷｯｽﾞﾗｲﾝKidsLine™. All Rights Reserved",2011-11-26T07:56:45Z,10000127340,12200000,False,4970
UC59gHK7pW5W245V6ES9jQEQ,コジコジのオタク文化 情報局,"YouTube NextUp 2016卒業生で、性別不詳(自称)でエンジニアの理系YouTuber!!
ジャンク品を買っては修理、改造、たまに電子工作等のモノづくりをしています。
趣味のアキバ系トピックを中心に動画投稿しています。

動画編集環境
CPU:AMD Ryzen9 3900x
MB:ASRock X570 Phantom Gaming 4
RAM:Crucial DDR4 3200 16GB x2
SSD:Intel SSD 660p m.2 512GB +α
GPU:Radeon RX470
PSU:玄人志向　KRPW-BK650W/85+
ソフト:aviutl⇒Movie Studio 13⇒VEGAS Pro15,17

カメラ：Panasonic LUMIX G8",2014-04-12T20:29:06Z,72508229,252000,False,1003
UCfTnJmRQP79C4y_BMF_XrlA,NewsPicks,"🦓エッセンシャル版「NewsPicks」🦓 
ビジネスのヒントを動画🎥でお届けします。",2015-11-05T06:37:07Z,30661373,267000,False,896
UCbwZM3GtfLToCFw3dzE2S6w,YUJI -エリート街道を捨ててみた-,"=======================【自己紹介】======================

✔️滋賀県のとある高校を首席卒業。（高校３年間、成績学年１位）

✔️京都大学工学部電気電子工学科 / 京都大学大学院情報学研究科を卒業。

✔️大学院時代、ラスベガス🇺🇸、モントリオール🇨🇦、チェンライ🇹🇭での国際会議で5Gに関する研究発表を行う（研究室歴代最多）。

✔️新卒でNTTドコモに入社後、2020年4月にWebエンジニア（Laravel、Vue.js）に転身。

✔️2020年夏に独立して起業。

✔️プログラミング / SNSマーケ / コンテンツ販売 / YouTube / ブログにより、行動を開始して半年で月7桁を達成。

====================【プログラミング】====================

・プログラミングは、3ヶ月でTechAcademyの8コースを爆速で受講して学習🔥

✅プログラミングを独学して月20万円以上稼ぎたい方は、基礎学習から営業方法や案件獲得後のアクションまでをカバーした以下の記事をご覧ください^^（下のリンクに添付）
『プログラミングで月20万円以上稼ぐための完全ロードマップ』

=======================【Twitter】======================

✔️Twitter（ID：@YUJI_MZTN）のフォロワーは1万人超。毎日発信しています❗️

✅やれば再現率は99%❗️Twitterのフォロワーを増やしたい方は以下の記事をご覧ください^^（下のリンクに添付）
『フォロワーを1万人増やしたTwitter戦略の教科書』

======================【YouTube】=====================

✔️投稿開始から約9ヶ月間で登録者数1万人突破❗️🔥
✅登録者を1万人増やした戦略については以下の記事をご覧ください^^（下のリンクに添付）
『コネなし・バズりなしで登録者数を1万人増やしたYouTube戦略の全て』

=======================【BLOG】======================

✔️ブログ『自分革命』は2020年1月1日に開設し、初月で3万PV超。
週4日以上のペースで更新中♪
",2019-12-14T14:15:35.732304Z,1175006,14700,False,186
UCp6993wxpyDPHUpavwDFqgg,SoraCh. ときのそらチャンネル,"☆ホロライブ所属バーチャルアイドル、ときのそらです！
横浜アリーナでの単独ライブを目標に活動しています！！絶対に！行きたいので！！応援よろしくおねがいします！！！！

いいなと思ったら、ぜひチャンネル登録よろしくお願いします୧(๑•̀ㅁ•́๑)૭✧


★ニコニコチャンネル：オフィシャルファンクラブ★
https://ch.nicovideo.jp/tokinosora

★19/10/07発売 新曲『フレーフレーLOVE』★
https://jvcmusic.lnk.to/Hurray_Hurray_LOVE

★メジャーデビューアルバム『Dreaming!』特設サイト★
https://www.jvcmusic.co.jp/tokinosora/65163/

★MF文庫Jライトノベル『ときのそら バーチャルアイドルだけど応援してくれますか？』★
https://mfbunkoj.jp/product/tokinosora/321812000134.html

★テレビ東京ドラマ『四月一日さん家の』★
https://www.tv-tokyo.co.jp/watanuki/

★グッズ販売『ときのそら公認☆こころ晴ればれショップ』★
https://ebten.jp/newtype/1371

★ボイス付きLINEスタンプ★
https://store.line.me/stickershop/product/12242/ja

★TOKYO FM『そらあおと！』ファンコミュニティ★
https://fanicon.net/fancommunities

[Sounds] ポケットサウンド,DOVA-SYNDROME,魔王魂,OtoLogic
[System] HoloLive (COVER Inc.)",2017-09-07T03:02:42Z,31979344,590000,False,168
UCORW3zZTUVdVwlY5Mnk8q9Q,ブレイクスルー佐々木,"明日から勉強・仕事に役立つ知識を出来る限り、分かりやすく短く配信していきます！

「知識」をベースに「自由」を最大化することが、動画のコンセプトです。

学生・ビジネスマンの方に特にオススメです！

ーービジネス用連絡先（企業案件・コラボ等）ーー

breakthrough.ssk1@gmail.com

是非、お気軽にご連絡ください。",2016-12-03T08:11:20Z,88141751,566000,False,319
UCnf0vxeJnEdTHVc4AXMUIlA,動画集客チャンネル,"「動画を作り方！」「YouTubeをもっと楽しみたい！」「ビジネスに活用した！」「YouTuberになりたい！」
そんな方へ、元TVマン＆アナウンサーがワンポイントアドバイス！

動画集客チャンネル
酒井祥正プロフィール
━━━━━━━━━━━━━━━━━━━━━
1980年福井県生まれ

20歳から東京を中心に映像ディレクターとして活動。映画、TV、CM、舞台、アニメなど様々な作品に携わる。同時にタレント活動もスタート。声優、俳優、ラジオＤＪなどで様々なメディアに出演。

26歳からは福井県にある丹南ケーブルテレビ局に所属。カメラマン、リポーター、記者、映像編集など番組制作に関する業務全般を担当。

15年間で携わった作品は6000本以上。

現在は「商売繁盛・地域活性のカギは動画にあり！」の信念のもと、動画集客コンサルティング、全国でのスマホ動画セミナーなど、企業、小売店が独自で効果的な動画マーケティングを行えるためのノウハウ・スキルをお伝えしています。

動画づくりに必要な【企画・撮影・編集・発信・話し方】をトータルで教えられる国内唯一のアドバイザー。

━━━━━━━━━━━━━━━━━━━━━

動画集客チャンネルは、amazon.co.jpを宣伝しリンクすることによってサイトが紹介料を獲得できる手段を提供することを目的に設定されたアフィリエイト宣伝プログラムである、 Amazonアソシエイト・プログラムに参加しています。",2015-08-21T01:14:42Z,7012551,66400,False,258
UCHhXSfCzQYAAFkpdxr7QsaA,AAAjoken toys,"おもちゃ紹介動画へようこそ
日本のおもちゃ世界のおもちゃ遊び動画を配信するよ
",2012-10-12T13:30:38Z,0,3640000,False,0
UCoorcrpmcdrB6F7GsBZVX0A,GLOBIS知見録,"「GLOBIS知見録」は、グロービスが運営するビジネスを面白くするナレッジライブラリです。経営戦略、マーケティング、アカウンティング、ファイナンス、組織行動・人的資源管理といった経営・マネジメントに役立つ「知識の宝庫」であり、創造と変革に挑むリーダーとしての志を育て鍛える「見識の道場」でもあります。

グロービス経営大学院主催の経営者を招いたセミナーやインタビュー、グロービス経営大学院が主催する「あすか会議」や、各界トップリーダーが議論する「G1サミット」などのカンファレンス映像、ＭＢＡのポイントを学ぶ動画などを毎日お届けしていきます。

マネジメントを学び、リーダーシップを鍛える“ライブラリ”として、「GLOBIS知見録」をご活用ください。

GLOBIS知見録　編集部

＊本サイトへのご意見、ご質問などは、chikenroku-info@globis.co.jpまでお寄せください。",2010-10-07T09:36:07Z,34859407,178000,False,2312
UCFBjsYvwX7kWUjQoW7GcJ5A,瀬戸弘司 / Koji Seto,"瀬戸弘司です。 UUUM所属です。

カメラやマイクなど撮影機材、楽器、DTM機材、おもちゃ、食べ物など気になったモノを紹介しつつ、身の回りに起こったことについて語ったり、たまに対談したりもします。

一貫性がないチャンネルなので、好きな動画を探して好きに観て下さい。

このチャンネルがメインチャンネルです。
他にもゲームチャンネル、ミニチャンネルがあります。

よろしくお願いいたします。",2010-04-10T02:11:44Z,890604592,1640000,False,2026
UCqnWxgOhtmQbgM_ivpSn5Yw,国立情報学研究所 - National Institute of Informatics,"情報学という新しい学問分野での「未来価値創成」を目指すわが国唯一の学術総合研究所『国立情報学研究所』のYouTubeチャンネルです。
本研究所の講演や研究紹介の映像をご覧いただけます。",2013-05-20T14:46:30Z,667389,6180,False,1114
UCWpEgWXDh68RWWMfGlWK4FA,キッズ・プログラミング教室 KIDSPRO,幼児、小学生～大人までを対象としたキッズ・プログラミング教室。KIDSPROオリジナルのカリキュラムでワンランク上のプログラミングを学び、AI時代に大切な「創造力」や「自分の考えを形にする力」が身につきます。スクラッチ3.0(Scratch 3.0)と一緒に、レゴWeDo、レゴブースト、スマホセンサー、Makey Makeyなどのロボット工学を追加料金なしで学べるのも特徴です。,2017-03-03T05:23:10Z,233096,783,False,206
UCLbhqkQDfS04ny9EEh5HRdQ,自分でできるWEB集客講座,"ブログで集客するためのヒントをご紹介しています。
主に中小企業・個人事業主様向けの内容となります。
やり方さえ間違わなければブログで集客、ブログで販促することは簡単です。",2012-04-04T04:27:53Z,2571922,14200,False,446
UC7Shb03PAVEf-G1Ji8Xk-OA,マニマニピーポー,"マニマニピーポーを見て頂き有難うございます＾＾

空想世界、奇妙なストーリー、ファンタジー、実話、知ってるようで知らない事を
テーマに漫画を配信するチャンネルです。

見て頂ける皆様に楽しんでもらえるようなチャンネル作りを目指しています。

※マニマニピーポーの漫画は全てオリジナルコンテンツになります。
（イラスト、文章、音声など）はマニマニピーポーが著作権を所有しております。
マニマニピーポーのコンテンツを許可なく転載、複製する事は著作権法で禁止されております。

何かありましたら、メールまたはTwitterのDMでご連絡下さい。

お仕事のご連絡もメールまたはTwitterのDMまでご連絡下さい。",2019-03-17T06:10:37Z,611172017,616000,False,622
UCMMjv61LfBy5J3AT8Ua0NGQ,エンジニアチャンネル,エンジニア・プログラマーになりたい方へ、プログラミングの学習方法・エンジニア転職・キャリア戦略・IT業界の裏話などを発信しています,2019-09-07T01:49:40Z,5599273,89800,False,130
UC2yc-ssgmE9zX4A0xyjl-oQ,勝村工務店,"新米YouTuberの勝村工務店です。
YouTube始めたてで右も左もわからない福井の人ですが、よろしくお願いします。",2011-08-25T12:12:02Z,1543827,116000,False,15
UC-6zNODaTIaIhpKW3c34eWA,ほむほむ研究室ch,"こんにちは、ほむほむです。
ただのプログラマ系Vtuberです。
言語は主に、C 言語 / C++ / C# / Go言語などです。

プログラムの講座（実況？）を行っていくシリーズをアップしていきます。
何か、不備等ありましたら、コメントしていただけると幸いです。

コミュニティ：co2238111
ホームページ：http://homuhomu2525.dip.jp/shogi/
Twitter　　 ：@homu_homu_ai",2014-03-22T14:08:44Z,115384,1030,False,315
UCsgQtIeFObrixeJIYBCi5VQ,Kota / もりしーのパソコン動画,"岐阜県出身・カナダ在住のフリーランスITエンジニアです。フロントエンド、バックエンド、iPhoneアプリ、IT技術文章翻訳(英和)のお仕事をしています。
Raspberry Pi, Arduino, プログラミング、カメラやデジタルな面白そうなものなどをいじったり、レビューしたり、雑談をぶつぶつ言ったりの趣味チャンネルです。

直接教えてというリクエストが多かったのでIT技術やプログラミングのチューターを https://cooda.ca でしています。
このチャンネルの動画のような比較的初心者向けの内容から、もっと踏み込んだ技術まで対応しています。

ご相談やお仕事の依頼・見積もりは以下の""ビジネス関係のお問い合わせ""までメールお願いします。
ポートフォリオ  https://kotamorishita.com

*動画の内容の質問はコメント欄にお願いします。
これまでメールでプログラミングなどの質問を頂いた際は全て返信していましたが、複雑な内容や件数が多くなってきたため1人では対応する時間が確保できないため中止しました。ごめんなさい。",2016-04-16T14:41:36Z,1096812,7990,False,189
UCutJqz56653xV2wwSvut_hQ,東海オンエア,"どうも、東海オンエアです。
ぜひチャンネル登録お願いします！

サブチャンネル【東海オンエアの控え室】もぜひチャンネル登録してね！！！
https://www.youtube.com/channel/UCynI...

グッズ購入はこちらから！！
https://goo.gl/YtauZW

有料メンバーシップの登録はこちらから！
https://www.youtube.com/channel/UCutJqz56653xV2wwSvut_hQ/join

お仕事の依頼はこちらから
https://www.uuum.co.jp/inquiry_promotion

ファンレターはこちらへ
〒107-6228
東京都港区赤坂9-7-1ミッドタウン・タワー 28階
UUUM株式会社 東海オンエア宛

【Twitterアカウント】
てつや→https://twitter.com/TO_TETSUYA
としみつ→https://twitter.com/TO_TOSHIMITSU
しばゆー→https://twitter.com/TOKAI_ONAIR
りょう→https://twitter.com/TO_RYOO
ゆめまる→https://twitter.com/TO_yumemarucas
虫眼鏡→https://twitter.com/TO_ZAWAKUN",2013-10-13T03:25:55Z,7426600338,5650000,False,1797
UC5CXd3yvCNfePkAbxeianDQ,McGuffin,"Culture Video Magazine for Youth . 
マクガフィンは音楽・ファッション・スポーツなどのユースカルチャーを通してミレニアル世代の心を動かす動画メディア🎞
【McGuffin Official】
■Web：http://mcguffin-tokyo.com/
■Facebook：https://www.facebook.com/McGuffin-1589941454354913/
■Instagram：https://www.instagram.com/mcguffin_official/
■Twitter：https://twitter.com/mcguffin_2017",2017-01-26T03:16:06Z,18396762,95100,False,195
