,Source,Target
0,UCH61VpwvpBYKT5BpGNbMUQw,UCYXVONf1a6mlezO32HHVYBw
1,UCH61VpwvpBYKT5BpGNbMUQw,UCOT0TR3eb6KEk9UFADSN-2w
2,UCH61VpwvpBYKT5BpGNbMUQw,UCb9h8EpBlGHv9Z896fu4yeQ
3,UCH61VpwvpBYKT5BpGNbMUQw,UCWbB8rGkcOc58YYS0QaCG3w
4,UCH61VpwvpBYKT5BpGNbMUQw,UCFBjsYvwX7kWUjQoW7GcJ5A
5,UCH61VpwvpBYKT5BpGNbMUQw,UCoqeB0ZCfCcXNzbgC-gYM0w
6,UCH61VpwvpBYKT5BpGNbMUQw,UCPAm9wx6kWdUeUO9PsYmE2Q
7,UCH61VpwvpBYKT5BpGNbMUQw,UCzbwNXFH7L75ffPd_zXV0Hw
8,UCH61VpwvpBYKT5BpGNbMUQw,UCFo4kqllbcQ4nV83WCyraiw
9,UCH61VpwvpBYKT5BpGNbMUQw,UCoorcrpmcdrB6F7GsBZVX0A
10,UCH61VpwvpBYKT5BpGNbMUQw,UCh6Y9RAtqJSC7AcoFKZK-9w
11,UCH61VpwvpBYKT5BpGNbMUQw,UCM6PlhNx0qMgNQ70qig4WDQ
12,UCH61VpwvpBYKT5BpGNbMUQw,UCbJo0uDZpo-XdlO4xyzdwNA
13,UCH61VpwvpBYKT5BpGNbMUQw,UCwmCN8rXyMrCdqurLkgCl8w
14,UCH61VpwvpBYKT5BpGNbMUQw,UCQ3Kgx1G1NkELoJ8tJ3uelg
15,UCH61VpwvpBYKT5BpGNbMUQw,UCgfBCWk4luXcRLycEqfIxIA
16,UCH61VpwvpBYKT5BpGNbMUQw,UCBUi9Lccwj2_DBaDhqmklDA
17,UCH61VpwvpBYKT5BpGNbMUQw,UCVdjYnmDsyiUcpcryI-k6ZA
18,UCH61VpwvpBYKT5BpGNbMUQw,UCjrL1ugI6xGqQ7VEyV6aRAg
19,UCH61VpwvpBYKT5BpGNbMUQw,UCem4eaCUWu-Wzp8ZuLQeFwg
20,UCH61VpwvpBYKT5BpGNbMUQw,UCyEd6QBSgat5kkC6svyjudA
21,UCH61VpwvpBYKT5BpGNbMUQw,UC9aT5s4VFKwIEpW3slig_5w
22,UCH61VpwvpBYKT5BpGNbMUQw,UCP17PMx06AFCnQtrLmkF-1Q
23,UCH61VpwvpBYKT5BpGNbMUQw,UC2yc-ssgmE9zX4A0xyjl-oQ
24,UCH61VpwvpBYKT5BpGNbMUQw,UCnjKWUK2t5QJYfeqqilhJhQ
25,UCH61VpwvpBYKT5BpGNbMUQw,UCtjKuvPYbIO3lDXnvkP5taQ
26,UCH61VpwvpBYKT5BpGNbMUQw,UCLE2PTNDt--NLGLVbfOfHkQ
27,UCH61VpwvpBYKT5BpGNbMUQw,UCYsixhW7hHlvc3HbQmULr9A
28,UCH61VpwvpBYKT5BpGNbMUQw,UCg_m2ahbG9grCTh05T9kRog
29,UCH61VpwvpBYKT5BpGNbMUQw,UCAUefZUdVMVoCykeuwQMQPw
30,UCH61VpwvpBYKT5BpGNbMUQw,UCiHhnIVrUIc96xUo87LB4rg
31,UCH61VpwvpBYKT5BpGNbMUQw,UCo8HIzdkY6y0dVykW0tT0vg
32,UCH61VpwvpBYKT5BpGNbMUQw,UCqnWxgOhtmQbgM_ivpSn5Yw
33,UCH61VpwvpBYKT5BpGNbMUQw,UCW6uQ8tQ0r8UY5ghbLOJ3qg
34,UCH61VpwvpBYKT5BpGNbMUQw,UCZKEu1T3ItxjMe13TJZxlCg
35,UCH61VpwvpBYKT5BpGNbMUQw,UCBxEf1UWDjbIEoh2MAQR7zQ
36,UCH61VpwvpBYKT5BpGNbMUQw,UCxbY38ReXW3LbaviWUE4omg
37,UCH61VpwvpBYKT5BpGNbMUQw,UCkRfArvrzheW2E7b6SVT7vQ
38,UCH61VpwvpBYKT5BpGNbMUQw,UCoYAnTRkaIIBspehTrJlcPg
39,UCH61VpwvpBYKT5BpGNbMUQw,UCNcNuEe7lI3yzRd_9ywO9Kw
40,UCH61VpwvpBYKT5BpGNbMUQw,UClryZHKxKYcpRSCNnSnTERg
41,UCH61VpwvpBYKT5BpGNbMUQw,UCDJCO5BOLR9eKD--JJPyrww
42,UCH61VpwvpBYKT5BpGNbMUQw,UCSKDnQoP6LoyH9GK0mYThVA
43,UCH61VpwvpBYKT5BpGNbMUQw,UCQPBOMfkxJuEgM04M-HMLKw
44,UCH61VpwvpBYKT5BpGNbMUQw,UC8vT1IWX3bOvuMagt8jF31g
45,UCH61VpwvpBYKT5BpGNbMUQw,UCGPYR4JXRDyYpHZXG6vZ_1Q
46,UCH61VpwvpBYKT5BpGNbMUQw,UCZf__ehlCEBPop-_sldpBUQ
47,UCH61VpwvpBYKT5BpGNbMUQw,UC59gHK7pW5W245V6ES9jQEQ
48,UCH61VpwvpBYKT5BpGNbMUQw,UC5DMCmx1GKVXy0zEcZhcPGw
49,UCH61VpwvpBYKT5BpGNbMUQw,UCXcjvt8cOfwtcqaMeE7-hqA
50,UCH61VpwvpBYKT5BpGNbMUQw,UCf7REsLnT2NeLVYj_4YaIRA
51,UCH61VpwvpBYKT5BpGNbMUQw,UCxZ0BkYadR-0LtmkrHcFOvQ
52,UCH61VpwvpBYKT5BpGNbMUQw,UCivXrEqLZc7VQ1xLIVqUfFg
53,UCH61VpwvpBYKT5BpGNbMUQw,UCI89ykLgIWaetRHXiiQpWqQ
54,UCH61VpwvpBYKT5BpGNbMUQw,UCnFawTQF0y-Rzw5vL-TWCDw
55,UCH61VpwvpBYKT5BpGNbMUQw,UC4d2rD9hxvzcjHRwPvHIjOg
56,UCH61VpwvpBYKT5BpGNbMUQw,UCkd2F4pEPSfBsx48lv0a-Zg
57,UCH61VpwvpBYKT5BpGNbMUQw,UCc4t1Du_tgut60-CeHnyU2Q
58,UCH61VpwvpBYKT5BpGNbMUQw,UC8IK363bd35lzYO7wXUlvRg
59,UCH61VpwvpBYKT5BpGNbMUQw,UC-km1012mEUQQLGxggmrazw
60,UCH61VpwvpBYKT5BpGNbMUQw,UCv-UKqSp_S9nrm2KWKk0dpw
61,UCH61VpwvpBYKT5BpGNbMUQw,UCjzqarlJzu00XMYG-jN-ARQ
62,UCH61VpwvpBYKT5BpGNbMUQw,UCLV8EIfhrAv0v3QXLK9pWqA
63,UCH61VpwvpBYKT5BpGNbMUQw,UCg4nOl7_gtStrLwF0_xoV0A
64,UCH61VpwvpBYKT5BpGNbMUQw,UCkYWj4I89P0e0k8ipPZ0q3g
65,UCH61VpwvpBYKT5BpGNbMUQw,UCrXUsMBcfTVqwAS7DKg9C0Q
66,UCH61VpwvpBYKT5BpGNbMUQw,UCNHpCbrN3Ozh1lQJtcO3Jig
67,UCH61VpwvpBYKT5BpGNbMUQw,UC6wKgAlOeFNqmXV167KERhQ
68,UCH61VpwvpBYKT5BpGNbMUQw,UCjAFg9QWPzjRgFI7RpLVu_A
69,UCH61VpwvpBYKT5BpGNbMUQw,UCciftUuyeH9sv47YjZ2q4hA
70,UCH61VpwvpBYKT5BpGNbMUQw,UClLV6D8S4CrVJL64-aQvwTw
71,UCH61VpwvpBYKT5BpGNbMUQw,UCB4Y70GnVMOl21yjLFEn9Gg
72,UCH61VpwvpBYKT5BpGNbMUQw,UCeTCw2JaGIP1W1uva6eSVQg
73,UCH61VpwvpBYKT5BpGNbMUQw,UC7kN3QaumX0dsI6aaTEeWxA
74,UCH61VpwvpBYKT5BpGNbMUQw,UCqmWJJolqAgjIdLqK3zD1QQ
75,UCH61VpwvpBYKT5BpGNbMUQw,UCYuVuLCtgrkQ6znA_ShdvXA
76,UCH61VpwvpBYKT5BpGNbMUQw,UCPlreGCqby4Qg9Vuem5scpw
77,UCH61VpwvpBYKT5BpGNbMUQw,UC2otzOMMLeJHZVwwyAQaA_w
78,UCH61VpwvpBYKT5BpGNbMUQw,UCPSf3-VnJZ73eoUECetfO5Q
79,UCH61VpwvpBYKT5BpGNbMUQw,UCp_RW49IudjKEw_yal7tfFw
80,UCH61VpwvpBYKT5BpGNbMUQw,UCiAq_SU0ED1C6vWFMnw8Ekg
81,UCH61VpwvpBYKT5BpGNbMUQw,UCUTgXNqRBqR33D5q10DfQXw
82,UCH61VpwvpBYKT5BpGNbMUQw,UCUVBFiZzHb67Z5kMFUwobLw
83,UCH61VpwvpBYKT5BpGNbMUQw,UCR5bQwLkDls81oOkKbx45dw
84,UCH61VpwvpBYKT5BpGNbMUQw,UCVPz_nauEJpqPxxvYiOpCHQ
85,UCH61VpwvpBYKT5BpGNbMUQw,UCsbOdLeJrcKeTQ4-CknXCXg
86,UCH61VpwvpBYKT5BpGNbMUQw,UCgZilWOjrUQ_J_yyGjjd-JQ
87,UCH61VpwvpBYKT5BpGNbMUQw,UCmD3ZX3hXhihuzVRVe5o27g
88,UCH61VpwvpBYKT5BpGNbMUQw,UCUARkmYU3gZK7WueJ-GlGig
89,UCH61VpwvpBYKT5BpGNbMUQw,UCvG0rq1ietSCXIH0Gd8spDw
90,UCH61VpwvpBYKT5BpGNbMUQw,UC3-1iYGHfR43q_b974vUNYg
91,UCH61VpwvpBYKT5BpGNbMUQw,UCCPo1C-5FXzNg5RDTf9d_tA
92,UCH61VpwvpBYKT5BpGNbMUQw,UC0IFQG_ja8ULxRbtChoyO1Q
93,UCH61VpwvpBYKT5BpGNbMUQw,UCEHSfzszwZYC1C50xC1a6mw
94,UCH61VpwvpBYKT5BpGNbMUQw,UCuw8JpSsB09ySeU1uGCIvPQ
95,UCH61VpwvpBYKT5BpGNbMUQw,UCBD4RO82lle5CyB_M9dtwzw
96,UCphTq6mefx_15CjD35qgXgA,UCQtN-3BakognEMltm7fLA4Q
97,UCphTq6mefx_15CjD35qgXgA,UCa3cFggd3BrJ6qq5lw8P_9w
98,UCphTq6mefx_15CjD35qgXgA,UCQSrdt0-Iu8qVEiJyzhrfdQ
99,UCphTq6mefx_15CjD35qgXgA,UC_HLK-ksslL-Z_2wiIZDlMg
100,UCphTq6mefx_15CjD35qgXgA,UCgd-vCrzhoQOOBm5rftCEMw
101,UCphTq6mefx_15CjD35qgXgA,UCiGpg1Oq87W7rqINGj6KO5w
102,UCphTq6mefx_15CjD35qgXgA,UCiNLki-BZv29IqXVgepOrWw
103,UCphTq6mefx_15CjD35qgXgA,UCk-AjDBOodw8P40f0y6EYeA
104,UCphTq6mefx_15CjD35qgXgA,UC_5wwJHb0-zbr6MWHsQcVqA
105,UCphTq6mefx_15CjD35qgXgA,UCF2Kl5aL-_vcwaNhUf7YqbA
106,UCphTq6mefx_15CjD35qgXgA,UCSRGN4gBQzKFurDZ0rqEoyg
107,UCphTq6mefx_15CjD35qgXgA,UClxDs-wxR4dOZjbrI5V-1uA
108,UCphTq6mefx_15CjD35qgXgA,UCmNxeRg-IQ14_MOzEzyy3tA
109,UCphTq6mefx_15CjD35qgXgA,UCReuARgZI-BFjioA8KBpjsw
110,UCphTq6mefx_15CjD35qgXgA,UC8butISFwT-Wl7EV0hUK0BQ
111,UCphTq6mefx_15CjD35qgXgA,UCDTuk_WCnyno-mBmCAbYucw
112,UCphTq6mefx_15CjD35qgXgA,UCZg4yOkPIfbSc3f6FVS1x_g
113,UCphTq6mefx_15CjD35qgXgA,UC0HA_hXxoQ8Tp95ki88pexQ
114,UCphTq6mefx_15CjD35qgXgA,UCkw20zzfSAxD-KNKUEW3bAw
115,UCphTq6mefx_15CjD35qgXgA,UChxtIA33ty53Hh4MmkXNASg
116,UCphTq6mefx_15CjD35qgXgA,UC29ju8bIPH5as8OGnQzwJyA
117,UCphTq6mefx_15CjD35qgXgA,UCRQhEo14-dOt99wCIt5Ap7w
118,UCphTq6mefx_15CjD35qgXgA,UCiIuIXyIrA3vU846BNOQjxg
119,UCphTq6mefx_15CjD35qgXgA,UCjnGvETv2lJ-MD2v5wPkx4Q
120,UCphTq6mefx_15CjD35qgXgA,UCfzlCWGWYyIQ0aLC5w48gBQ
121,UCphTq6mefx_15CjD35qgXgA,UCqRPKFts1Puj6Wn7U4e3ppA
122,UCphTq6mefx_15CjD35qgXgA,UCgzKCeDYLRzPhQ64R6AKyBQ
123,UCphTq6mefx_15CjD35qgXgA,UCkRfArvrzheW2E7b6SVT7vQ
124,UCphTq6mefx_15CjD35qgXgA,UCMmRHq3E_9Hc9noZeo3zDCw
125,UCphTq6mefx_15CjD35qgXgA,UCWN3xxRkmTPmbKwht9FuE5A
126,UCphTq6mefx_15CjD35qgXgA,UCh5M2YUAPW7HnpfTUv7XHmA
127,UCphTq6mefx_15CjD35qgXgA,UCFzoVMKtzzzWs8P4x0fEv7g
128,UCphTq6mefx_15CjD35qgXgA,UCW4jUjVr-VmxPmw4KUTmLwg
129,UCphTq6mefx_15CjD35qgXgA,UCky-Q8NPjoohScbfrKU6AWA
130,UCphTq6mefx_15CjD35qgXgA,UC_OXyB33S8ScNu6AvHM2Keg
131,UCphTq6mefx_15CjD35qgXgA,UC5g-XuNYuRcNs5uGlqzZw6Q
132,UCphTq6mefx_15CjD35qgXgA,UCNsgmodjXtYKAi1HxLK94kQ
133,UCphTq6mefx_15CjD35qgXgA,UC7xpbXg3NCyIXg2BruZHAmw
134,UCphTq6mefx_15CjD35qgXgA,UCczh4w4k5cjuZBKFqlIF3kw
135,UCphTq6mefx_15CjD35qgXgA,UCdCsSSokazx-GBM-6boSpiA
136,UCphTq6mefx_15CjD35qgXgA,UCWdFb_w3JI1BPTiBCXERg2Q
137,UCphTq6mefx_15CjD35qgXgA,UCb6Lcst_IVZ9N1Kz0BbFMQg
138,UCphTq6mefx_15CjD35qgXgA,UCIMGx3YsUgWPEI7zx5CxUtg
139,UCphTq6mefx_15CjD35qgXgA,UCX30pfp4p82rIiSJmBygADw
140,UCphTq6mefx_15CjD35qgXgA,UCOjD18EJYcsBog4IozkF_7w
141,UCphTq6mefx_15CjD35qgXgA,UCDCHcqyeQgJ-jVSd6VJkbCw
142,UCphTq6mefx_15CjD35qgXgA,UCPDgLFs6WYk-qj16lEyFFlw
143,UCphTq6mefx_15CjD35qgXgA,UCWoiNwdr7EEjgs2waxe_QpA
144,UCphTq6mefx_15CjD35qgXgA,UCF4c7UkIusFsfgdxcK3L_Aw
145,UCphTq6mefx_15CjD35qgXgA,UCye8PYMLvXg-h48lTPFwb2w
146,UCphTq6mefx_15CjD35qgXgA,UCLIjEzZdc_nHqlweMcgR3wA
147,UCphTq6mefx_15CjD35qgXgA,UCt6JXbx9PVL9gEkvdPjwVmw
148,UCphTq6mefx_15CjD35qgXgA,UCv-UKqSp_S9nrm2KWKk0dpw
149,UCphTq6mefx_15CjD35qgXgA,UCj3K2Xy0nQr3Jdc0nd-8zQw
150,UCphTq6mefx_15CjD35qgXgA,UCzDd3Byvt91oyf3ggRlTb3A
151,UCphTq6mefx_15CjD35qgXgA,UCb2vaaPX2aYQOOszntEH8Uw
152,UCphTq6mefx_15CjD35qgXgA,UCsgQtIeFObrixeJIYBCi5VQ
153,UCphTq6mefx_15CjD35qgXgA,UCjzn4IbsyElFz1xowmO14Hg
154,UCphTq6mefx_15CjD35qgXgA,UCRprlxVnAH7CZTm5KUmsNMQ
155,UCphTq6mefx_15CjD35qgXgA,UCDTwhah0VP1mfT_xzGHNXeA
156,UCphTq6mefx_15CjD35qgXgA,UCvIchY-XGbpFGm_ybduJCUQ
157,UCphTq6mefx_15CjD35qgXgA,UCqzJi2o7bAPtRD3tTFvi7zA
158,UCphTq6mefx_15CjD35qgXgA,UCGBx4J6qzne_cBkrH6SsxNA
159,UCphTq6mefx_15CjD35qgXgA,UCofDVUhF9o5ztMdlLRyPw4g
160,UCphTq6mefx_15CjD35qgXgA,UCoRxcaATU1N9QdXXgmQLBFQ
161,UCphTq6mefx_15CjD35qgXgA,UCqmWJJolqAgjIdLqK3zD1QQ
162,UCphTq6mefx_15CjD35qgXgA,UCElKbFsNJhCVe_Vnwtt3tdg
163,UCphTq6mefx_15CjD35qgXgA,UCp06FAzrFalo3txskS1gCfA
164,UCphTq6mefx_15CjD35qgXgA,UCvjgXvBlbQiydffZU7m1_aw
165,UCphTq6mefx_15CjD35qgXgA,UC7yZ6keOGsvERMp2HaEbbXQ
166,UCphTq6mefx_15CjD35qgXgA,UCdMzoB8z-zUwNOS9ZC4FsAQ
167,UCphTq6mefx_15CjD35qgXgA,UCOznO6ysTr3PD9nVkHBmGOA
168,UCphTq6mefx_15CjD35qgXgA,UCtl5ZJzYm3NLN218h5wH3Mw
169,UCphTq6mefx_15CjD35qgXgA,UCBNQ4kWa-Tylce-ybrKqYIw
170,UCphTq6mefx_15CjD35qgXgA,UCP6aw2-Afafmm0cPZ7pmYyQ
171,UCphTq6mefx_15CjD35qgXgA,UCsLPJEAgH-KUJE2WobcLZ0A
172,UCphTq6mefx_15CjD35qgXgA,UCLAToRTL_DRlqaPb0s6nqeA
173,UCphTq6mefx_15CjD35qgXgA,UCP3m7QHqRzKoIujzi5faqOQ
174,UCphTq6mefx_15CjD35qgXgA,UCe7oPocvjy1afKzBWvf0R1A
175,UCphTq6mefx_15CjD35qgXgA,UCQrojA1eV9Vb8FekN_N0rjQ
176,UCphTq6mefx_15CjD35qgXgA,UCEj6hquMBUiQGunwIO1zVZA
177,UCphTq6mefx_15CjD35qgXgA,UCJX9e3CqTwp1qAWlwlvI6lg
178,UCphTq6mefx_15CjD35qgXgA,UCzSU4Vjk2VBJFHPvB5SJxHA
179,UCphTq6mefx_15CjD35qgXgA,UCZUPMvvW1ggn4gbSY741LdA
180,UCphTq6mefx_15CjD35qgXgA,UCvpredjG93ifbCP1Y77JyFA
181,UCnYhId11CzSebSZERjK55KA,UC5ebzLt_6bxvUtxMGQY2Qrg
182,UCnYhId11CzSebSZERjK55KA,UCUXc-JwLAU7ktxtLsJNnwqA
183,UCnYhId11CzSebSZERjK55KA,UC1oPBUWifc0QOOY8DEKhLuQ
184,UCnYhId11CzSebSZERjK55KA,UCQEg2cU0_DatMT3ms6IOVhw
185,UCnYhId11CzSebSZERjK55KA,UCiOiV_xJD0A8_ZN36yrSE8Q
186,UCnYhId11CzSebSZERjK55KA,UCbmpwX2yRw_agxAu6rLQwvw
187,UCnYhId11CzSebSZERjK55KA,UCuRysANk9BEFvXhgbrP5t2A
188,UCnYhId11CzSebSZERjK55KA,UCzhQbsvrQ9rEXnoI04xC4rQ
189,UCnYhId11CzSebSZERjK55KA,UCKJQwcSwfcSYouUqjFYzIqA
190,UCnYhId11CzSebSZERjK55KA,UCcAxXcckagCYLT2g8-No4Jg
191,UCnYhId11CzSebSZERjK55KA,UCosKbLPnVaAZU9jcygic51Q
192,UCnYhId11CzSebSZERjK55KA,UCYmruTGwwlFYoetMlFSJYDQ
193,UCnYhId11CzSebSZERjK55KA,UCLmhNGq0g6gGlRMXmwz2thQ
194,UCnYhId11CzSebSZERjK55KA,UC1YCT9S8BFkXMYfOn6x0sgg
195,UCnYhId11CzSebSZERjK55KA,UCVo6Pa1aIilZXqeMSTPOtLg
196,UCnYhId11CzSebSZERjK55KA,UCzRbygIju7baJU8TGm76OPg
197,UCnYhId11CzSebSZERjK55KA,UCKa1VlSq1WwdSQWv4JFdgxg
198,UCnYhId11CzSebSZERjK55KA,UCV26OCOay6HfxfI-KcZEd5g
199,UCnYhId11CzSebSZERjK55KA,UCMeULnWVsuBMo2MpEZs7AHw
200,UCnYhId11CzSebSZERjK55KA,UCu0Wgd4wOSGBiDHL8WJ9UWw
201,UCnYhId11CzSebSZERjK55KA,UCUeXBRoNeXJqa4f9m5rJmBw
202,UCnYhId11CzSebSZERjK55KA,UCUUekIrulAiJnUOawqBRwZQ
203,UCnYhId11CzSebSZERjK55KA,UC7mRM1TxrjOH8lv_uSTn6HQ
204,UCnYhId11CzSebSZERjK55KA,UCAGbI6vuwZg3_FbEMAc7DeA
205,UCnYhId11CzSebSZERjK55KA,UC9HPbHN7HEXu0_5gDVLVMvQ
206,UCnYhId11CzSebSZERjK55KA,UCzyiXxH4A1uxgNoSNsX1q4Q
207,UCnYhId11CzSebSZERjK55KA,UCi3zUWEltdfkq7pv-MYTy9w
208,UCnYhId11CzSebSZERjK55KA,UCVeBLI7BG-TGgjx4Fg_siYg
209,UCnYhId11CzSebSZERjK55KA,UCxAugObrzkXRtT8BIofiL_A
210,UCnYhId11CzSebSZERjK55KA,UCISEqFqFlO8Ua7FIufKZ5XA
211,UCnYhId11CzSebSZERjK55KA,UC3k8I1GBc17gop3u7TKwGeQ
212,UCnYhId11CzSebSZERjK55KA,UCkVvAm5jb62IMIJQj4wPVGA
213,UCnYhId11CzSebSZERjK55KA,UCeEPuLVBHVIl5vx-yFbA6SQ
214,UCnYhId11CzSebSZERjK55KA,UChrOH-No_-hkTmF025T6Nrg
215,UCnYhId11CzSebSZERjK55KA,UCA6M2KhzkIhUsexAYr6A36w
216,UCnYhId11CzSebSZERjK55KA,UCbfGFLIeMnKynqL2rTK0_eQ
217,UCnYhId11CzSebSZERjK55KA,UCj1roP719vzTqsQ_KGsrQbQ
218,UCnYhId11CzSebSZERjK55KA,UCEbPgdUbZgme40WpYmR0ocA
219,UCnYhId11CzSebSZERjK55KA,UCEb9L0v_-zwZcm6JSe8e5EQ
220,UCnYhId11CzSebSZERjK55KA,UCvjRWLI3manu3AytVThk_2w
221,UCnYhId11CzSebSZERjK55KA,UCtMYE3qYI5PxW7qvhNo49gQ
222,UCnYhId11CzSebSZERjK55KA,UCzsxxlEz3_59FwozkXQQiUw
223,UCnYhId11CzSebSZERjK55KA,UCRixS2lKVMcEWwRmnjlC19g
224,UCnYhId11CzSebSZERjK55KA,UCip8ve30-AoX2y2OtAAmqFA
225,UCnYhId11CzSebSZERjK55KA,UCtdlj5y3rXiBOEA2h9GJoQw
226,UCnYhId11CzSebSZERjK55KA,UC5x2dB9z-Saj_LJFynhxmFA
227,UCnYhId11CzSebSZERjK55KA,UCkmJlNLn-_hHIhXCL6P0ilg
228,UCnYhId11CzSebSZERjK55KA,UCAuVidhAGbQQip_mOWEQroA
229,UCnYhId11CzSebSZERjK55KA,UCem6Kg1rXTl_vFgBNg2D6mg
230,UCnYhId11CzSebSZERjK55KA,UCnjOrOuSQjUhEcgtT1pXyPQ
231,UCnYhId11CzSebSZERjK55KA,UCBvWfh5pkiCdApbtS0eaMIg
232,UCnYhId11CzSebSZERjK55KA,UC0mhOaiTObQ9hsCIBQM7Hnw
233,UCnYhId11CzSebSZERjK55KA,UCOUTTiLZNp1PmB727AGoddw
234,UCnYhId11CzSebSZERjK55KA,UCFZ0rVh9Z8lchPq9y6NO8UA
235,UCnYhId11CzSebSZERjK55KA,UCownT18GY5-7RyRa4YinCag
236,UCnYhId11CzSebSZERjK55KA,UCvSAywQ-c2kNmKCs0bmu2SA
237,UCnYhId11CzSebSZERjK55KA,UCTi6lvdQceWG2Zjh0pokxiw
238,UCnYhId11CzSebSZERjK55KA,UC1DqlLj1onQhBfxW81OgQTw
239,UCnYhId11CzSebSZERjK55KA,UCyMq3AxFrozuxHJ41Y1qnlQ
240,UCnYhId11CzSebSZERjK55KA,UCM9Bk0RXVyF9liN_PdRrRGw
241,UCnYhId11CzSebSZERjK55KA,UCxOjoraUPd0Dq9PAyIhC6tQ
242,UCnYhId11CzSebSZERjK55KA,UCKxWiLSjeVbl7wscj0r5hBg
243,UCnYhId11CzSebSZERjK55KA,UCzCGkp6xNP_nHjas0WlxOMQ
244,UCnYhId11CzSebSZERjK55KA,UCVyIYLelUbRYfPU6_ua4qpQ
245,UCnYhId11CzSebSZERjK55KA,UCRuyFqVNs_rgNqFSFpw0dPw
246,UCnYhId11CzSebSZERjK55KA,UCfPBVNEvh_z6rbBvtuYB64Q
247,UCnYhId11CzSebSZERjK55KA,UCqHDeUer8bgaqswSuFP7FxQ
248,UCnYhId11CzSebSZERjK55KA,UCBtF98t9nmDKEvC6QKgTJmA
249,UCnYhId11CzSebSZERjK55KA,UCFOBJ5XYy1Cnq-o-jtrcxwg
250,UCnYhId11CzSebSZERjK55KA,UCJ1oKurEwOu7ohHmu2E_boQ
251,UCnYhId11CzSebSZERjK55KA,UCJvbjcQxkxvqtSbGDejx7NQ
252,UCnYhId11CzSebSZERjK55KA,UC7YAuHipZ1rsEDrye3A4iWQ
253,UCnYhId11CzSebSZERjK55KA,UCrEU0b3lpZyrFh7VImwWkxA
254,UCnYhId11CzSebSZERjK55KA,UCu3SgMOiFBX0op2XNF6V05Q
255,UCnYhId11CzSebSZERjK55KA,UCW5t_tzpbSEaF8maBTD0cpw
256,UCnYhId11CzSebSZERjK55KA,UCgwBKy8LaQc31gyhN60cmLA
257,UCnYhId11CzSebSZERjK55KA,UCGNd0qq4DC3fNVKbj6g5WDw
258,UCnYhId11CzSebSZERjK55KA,UC9B85fdFchh8OBB2i1Tkrmg
259,UCnYhId11CzSebSZERjK55KA,UC6k3eiG__YYC9HpQw2SXtbA
260,UCnYhId11CzSebSZERjK55KA,UCAkCdJSeKIVKlXx3kFuk8YA
261,UCnYhId11CzSebSZERjK55KA,UCzoGiWuoGnj6pBZu5rf-9Ew
262,UCnYhId11CzSebSZERjK55KA,UCV62FZr5rrvnMayQq22Fc7w
263,UCnYhId11CzSebSZERjK55KA,UC1eIIMmAs5ZwaKS-pxEJ-lw
264,UCnYhId11CzSebSZERjK55KA,UC6GzhisVUfl-EBTmMj_6GHA
265,UCnYhId11CzSebSZERjK55KA,UC6r8GqAOr4GbbZugUYkq_rA
266,UCnYhId11CzSebSZERjK55KA,UC---6TmO6BkYvRd4YnKG6fg
267,UCnYhId11CzSebSZERjK55KA,UCu3TwQQbzgLmqNx9gMhDpew
268,UCnYhId11CzSebSZERjK55KA,UC03WyeFJjMAMI9JIQLYUoUw
269,UCnYhId11CzSebSZERjK55KA,UC5uF2CT1agRC1f4UfwHP3kw
270,UCWpEgWXDh68RWWMfGlWK4FA,UCZSIcmw6l98t_O9qV9lg2LQ
271,UCWpEgWXDh68RWWMfGlWK4FA,UCNuK48aytWhF1Gg9Oi5EDRA
272,UCWpEgWXDh68RWWMfGlWK4FA,UC-d-wRqTBaGqRFFrm3PiZtA
273,UCWpEgWXDh68RWWMfGlWK4FA,UC4URZa35ghScSD8wpmD7OfQ
274,UCWpEgWXDh68RWWMfGlWK4FA,UCyzmitdHlr_WnDifP9b_YhA
275,UCWpEgWXDh68RWWMfGlWK4FA,UCBZt5UFoJsfDtKLuuuJj17g
276,UCWpEgWXDh68RWWMfGlWK4FA,UCMJsF7fGuFUybKLjk7HqhfA
277,UCWpEgWXDh68RWWMfGlWK4FA,UCIWVbjyuRbAVyOIkFcke0mg
278,UCWpEgWXDh68RWWMfGlWK4FA,UC5i_HksSX5S7VY5hysvdzaw
279,UCWpEgWXDh68RWWMfGlWK4FA,UCG4vGQgaIimLVBXAG0hXb2Q
280,UCWpEgWXDh68RWWMfGlWK4FA,UCZZ0UGjWsRdM8_5bsqtxYaQ
281,UCWpEgWXDh68RWWMfGlWK4FA,UC1O5wACg3amBBrFlzVPEPTA
282,UCWpEgWXDh68RWWMfGlWK4FA,UCRKutOrnx5S0tTxUR_wNYqA
283,UCWpEgWXDh68RWWMfGlWK4FA,UC5CXd3yvCNfePkAbxeianDQ
284,UCWpEgWXDh68RWWMfGlWK4FA,UCg8q6vRYGoQ9TxZR5ARv3mA
285,UCWpEgWXDh68RWWMfGlWK4FA,UCL6JY2DXJNDOIqCP1CRADng
286,UCWpEgWXDh68RWWMfGlWK4FA,UC2xJkfzCYVuTS0lvBI7X0TA
287,UCWpEgWXDh68RWWMfGlWK4FA,UC0M8YI6T69ZgGxWERk681tQ
288,UCWpEgWXDh68RWWMfGlWK4FA,UC2MtlTiLxWNQAjHyFZt95Vw
289,UCWpEgWXDh68RWWMfGlWK4FA,UCYJgMdszRRs-r3QqqcK523A
290,UCWpEgWXDh68RWWMfGlWK4FA,UCU607BfClX724VqZZ9zWWcA
291,UCWpEgWXDh68RWWMfGlWK4FA,UCCPBp86aWSFJbZ3KyMAngMA
292,UCWpEgWXDh68RWWMfGlWK4FA,UCVSYOJV_Z_mJooTlJDiiK2w
293,UCWpEgWXDh68RWWMfGlWK4FA,UCmrZx6L5NT_onReOmWhO3ug
294,UCWpEgWXDh68RWWMfGlWK4FA,UCQsheIZH9qRCpH6GeSIC-xw
295,UCWpEgWXDh68RWWMfGlWK4FA,UCLI14vmxBc9RJRf480Kb-1Q
296,UCWpEgWXDh68RWWMfGlWK4FA,UCMbC7T_qc6O_tIv4YlgXkIw
297,UCWpEgWXDh68RWWMfGlWK4FA,UCTiO1g7ROVaWftHqQ22A0mg
298,UCWpEgWXDh68RWWMfGlWK4FA,UCti6dG0zSAetLGGYcgNML4Q
299,UCWpEgWXDh68RWWMfGlWK4FA,UCB_ENfEuF0G4YPqBdY0r2oQ
300,UCWpEgWXDh68RWWMfGlWK4FA,UCLW3PlCSjQbwJw53YbeIzyw
301,UCWpEgWXDh68RWWMfGlWK4FA,UC6ZLZUd0AaTXV6u76M4fCyQ
302,UCWpEgWXDh68RWWMfGlWK4FA,UCzXL5v5_-L-s4cDhK3I35Dg
303,UCWpEgWXDh68RWWMfGlWK4FA,UCqG9vIbAp01znNOMztiLfOQ
304,UCWpEgWXDh68RWWMfGlWK4FA,UCjiPEaapiHbJMoAdi_L8fNA
305,UCWpEgWXDh68RWWMfGlWK4FA,UC_rpVwLKgYP6cVGdBCS4YhQ
306,UCWpEgWXDh68RWWMfGlWK4FA,UCiTelItxlX8unYp2bnxoMzw
307,UCWpEgWXDh68RWWMfGlWK4FA,UCaG7jufgiw4p5mphPPVbqhw
308,UCWpEgWXDh68RWWMfGlWK4FA,UC2dMZ0-RekJkm4dQYnraW7g
309,UCWpEgWXDh68RWWMfGlWK4FA,UCKKK9zISB9DSgHyEKCoCAAQ
310,UCWpEgWXDh68RWWMfGlWK4FA,UCcdcAVWQembHVlOhfq403FA
311,UCJ88i6vS6MYQ9_CJ6sa5Qvw,UCSsRk3rZPJLZDpqSAgw3u4A
312,UCJ88i6vS6MYQ9_CJ6sa5Qvw,UCGKrvjoT8_fA33sItpokgPA
313,UCJ88i6vS6MYQ9_CJ6sa5Qvw,UCGhDy1G4oj1mTf5dBCDylfw
314,UCJ88i6vS6MYQ9_CJ6sa5Qvw,UCNg_Tlh6khsifenHddLrnrQ
315,UCJ88i6vS6MYQ9_CJ6sa5Qvw,UCgpGI1gLr0OqqOIRdcoGgGw
316,UCJ88i6vS6MYQ9_CJ6sa5Qvw,UCiKGMfAlt9cQjTeN1QEAcHQ
317,UCJ88i6vS6MYQ9_CJ6sa5Qvw,UC_HLK-ksslL-Z_2wiIZDlMg
318,UCJ88i6vS6MYQ9_CJ6sa5Qvw,UCsSVOnuH739ibN24Lma-12Q
319,UCJ88i6vS6MYQ9_CJ6sa5Qvw,UCFnItlYX4R0cVko7oerhYuA
320,UCJ88i6vS6MYQ9_CJ6sa5Qvw,UCG_apOcJlP9SvNh7By3zEmA
321,UCJ88i6vS6MYQ9_CJ6sa5Qvw,UCGifRUZJ5jFUIlAGCU7A7fQ
322,UCJ88i6vS6MYQ9_CJ6sa5Qvw,UCWf2ZlNsCGDS89VBF_awNvA
323,UCJ88i6vS6MYQ9_CJ6sa5Qvw,UCYcAs40_gIQe8ZYv61Va2Eg
324,UCJ88i6vS6MYQ9_CJ6sa5Qvw,UCEw6y7FdYf7HxUq_RHH6KPw
325,UCJ88i6vS6MYQ9_CJ6sa5Qvw,UCUdNPpAXX-BqU0JzKXvvARQ
326,UCJ88i6vS6MYQ9_CJ6sa5Qvw,UCq3Ct-r3-XbGxDiG7BGu2dQ
327,UCJ88i6vS6MYQ9_CJ6sa5Qvw,UCiGdng-6ZLS5tlfw0xnG3TA
328,UCJ88i6vS6MYQ9_CJ6sa5Qvw,UCdnmj43FyGYRrTfncZQLUVQ
329,UCJ88i6vS6MYQ9_CJ6sa5Qvw,UC1nVq5-LTEdUVmr5FLfkd7A
330,UCJ88i6vS6MYQ9_CJ6sa5Qvw,UCJYvghF7G_ajfcrh0ytOZfw
331,UCJ88i6vS6MYQ9_CJ6sa5Qvw,UChiDML8BdUHwnNjV0Y1QkWQ
332,UCJ88i6vS6MYQ9_CJ6sa5Qvw,UCyQ6jIex9W2_Qe2uKDwmQHw
333,UCJ88i6vS6MYQ9_CJ6sa5Qvw,UCaDUo632P5Jluzj4RipeMBQ
334,UCJ88i6vS6MYQ9_CJ6sa5Qvw,UC9L3oYiG7qEnjU2OCrChhTA
335,UCJ88i6vS6MYQ9_CJ6sa5Qvw,UCHXKAf_RTfnimURBCCUs-QA
336,UCJ88i6vS6MYQ9_CJ6sa5Qvw,UCpj29wrH9rPRiBAZQSHjgCg
337,UCJ88i6vS6MYQ9_CJ6sa5Qvw,UCE1Q2_oBO-pvs2s2dMLizRg
338,UCF2Kl5aL-_vcwaNhUf7YqbA,UCUP80c-0l24KTb6BqSklDfQ
339,UCF2Kl5aL-_vcwaNhUf7YqbA,UC_KdsprQrFTu--hmbX5acBA
340,UCF2Kl5aL-_vcwaNhUf7YqbA,UC2NbbLhV_oaqemc5ZpGd9GQ
341,UCF2Kl5aL-_vcwaNhUf7YqbA,UCtcDXHE0vePdhv_j69WyiOg
342,UCF2Kl5aL-_vcwaNhUf7YqbA,UCmGDDIY4Q3x7mh8kgRShXRQ
343,UCF2Kl5aL-_vcwaNhUf7YqbA,UCL8KT_pH_E8dy1r2T1CqpKw
344,UCF2Kl5aL-_vcwaNhUf7YqbA,UC9FcI0xFjHIsJmdeoAH8Ttg
345,UCF2Kl5aL-_vcwaNhUf7YqbA,UCphTq6mefx_15CjD35qgXgA
346,UCF2Kl5aL-_vcwaNhUf7YqbA,UCj3K2Xy0nQr3Jdc0nd-8zQw
347,UCF2Kl5aL-_vcwaNhUf7YqbA,UCC4JpHyLcMq34ex9_Q_dj5A
348,UCDi3a2Gxb_YSyUUhR79qQ2w,UCa22yvSVK7nu-O7PrzTuafA
349,UCDi3a2Gxb_YSyUUhR79qQ2w,UCmsO0RbM8e8otwj_u1Mdflg
350,UCDi3a2Gxb_YSyUUhR79qQ2w,UCMdx79Yr1R4ZwP6kjzmaUsA
351,UCDi3a2Gxb_YSyUUhR79qQ2w,UCorHMny1YzYAEPRL3dlAaEQ
352,UCiGpg1Oq87W7rqINGj6KO5w,UCSRGN4gBQzKFurDZ0rqEoyg
353,UCiGpg1Oq87W7rqINGj6KO5w,UCAQYVw4JgZssuNuc5Zf94cg
354,UCiGpg1Oq87W7rqINGj6KO5w,UCWMuFE3KkqrAVE_JyzAhwiQ
355,UCiGpg1Oq87W7rqINGj6KO5w,UCRpRQ48LGfMpYojZo7Srabg
356,UCiGpg1Oq87W7rqINGj6KO5w,UCMMjv61LfBy5J3AT8Ua0NGQ
357,UCiGpg1Oq87W7rqINGj6KO5w,UCgy1mxPcdm6d-NvUfmYrDWw
358,UCiGpg1Oq87W7rqINGj6KO5w,UCphTq6mefx_15CjD35qgXgA
359,UCiGpg1Oq87W7rqINGj6KO5w,UC2oDDewAydfDn0W6S7Ps1Yw
360,UCiGpg1Oq87W7rqINGj6KO5w,UC7zqiH1R-bm4XRLRtucca1A
361,UCiGpg1Oq87W7rqINGj6KO5w,UC0ZsBS7Tt7GaINKd7482phg
362,UCiGpg1Oq87W7rqINGj6KO5w,UC-c-_R1XjcAMsu0JJ9RpnUg
363,UCiGpg1Oq87W7rqINGj6KO5w,UCpRZxnRzRU9rn4HkO6g1oFA
364,UCiGpg1Oq87W7rqINGj6KO5w,UCofDVUhF9o5ztMdlLRyPw4g
365,UCiGpg1Oq87W7rqINGj6KO5w,UCoRxcaATU1N9QdXXgmQLBFQ
366,UCiGpg1Oq87W7rqINGj6KO5w,UCVW0392UU8i453v9n2fbLDw
367,UCiGpg1Oq87W7rqINGj6KO5w,UCYAeIKiHaK9_1YsR_7dNLSg
368,UCiGpg1Oq87W7rqINGj6KO5w,UCOnr1C39WO22p98X8L6Q4uA
369,UCiGpg1Oq87W7rqINGj6KO5w,UCUARkmYU3gZK7WueJ-GlGig
370,UCiGpg1Oq87W7rqINGj6KO5w,UCAyQAygagukor6rGyXOdfog
371,UCZ0WtFNCvTI-PE1meW07Fvw,UCyz9ZU17RcQ8EvQIRbqZyjA
372,UCZ0WtFNCvTI-PE1meW07Fvw,UCkss4KLtl2H1lqn67mbo96w
373,UCZ0WtFNCvTI-PE1meW07Fvw,UCTXWXbEfezxpOQpDr3Bh7Xw
374,UCaoLHcTkx1R3egi_ibDkTiQ,UCqVf0aZkK9VDPX9qvCAnjEg
375,UCal5GuoCDCMDQe07w69TuJA,UCFwl5ErbZWZSzjNm1o9gqzQ
376,UCal5GuoCDCMDQe07w69TuJA,UCX3tz875ZDtU85rFkYuwl5w
377,UCNJ6EkpKiqjqpDtSEkCfbgg,UC1NWVWA1czvuRYIDT6FkG-A
378,UCNJ6EkpKiqjqpDtSEkCfbgg,UCg8q6vRYGoQ9TxZR5ARv3mA
379,UC48E40wBMA3-dVLJ4u3zw1g,UC1bmnUH1ffc63zohkPvtXcQ
380,UCRAeL9NKNaj4i4EbLTiZmSg,UCoDboBE4RdYxZESjI__z7zQ
381,UCRAeL9NKNaj4i4EbLTiZmSg,UCKpH0CKltc73e4wh0_pgL3g
382,UCRAeL9NKNaj4i4EbLTiZmSg,UCRjTEkDLPREZNlREZMlotMQ
383,UCRAeL9NKNaj4i4EbLTiZmSg,UCXwpchz8eFFouxD6wfKEpgQ
384,UCRAeL9NKNaj4i4EbLTiZmSg,UCY1AXYSuiKx1Qebkgcf2QNw
385,UCRAeL9NKNaj4i4EbLTiZmSg,UC5e6v8rledWyWeoA1b8BarA
386,UCRAeL9NKNaj4i4EbLTiZmSg,UCX1xppLvuj03ubLio8jslyA
387,UCRAeL9NKNaj4i4EbLTiZmSg,UCkRfArvrzheW2E7b6SVT7vQ
388,UCRAeL9NKNaj4i4EbLTiZmSg,UCfqdqjatu3RC03d1lxt5S2A
389,UCRAeL9NKNaj4i4EbLTiZmSg,UC5-lOB3_zMkjr2ji8sYBfvg
390,UCRAeL9NKNaj4i4EbLTiZmSg,UCon2TFHJ_cfwUnjfU84oL_Q
391,UCRAeL9NKNaj4i4EbLTiZmSg,UC8aPYLRZspdHdTpG5EozbxA
392,UCRAeL9NKNaj4i4EbLTiZmSg,UCeTVoczn9NOZA9blls3YgUg
393,UCRAeL9NKNaj4i4EbLTiZmSg,UC_ak3ZurSDtT3Kv1RFdrgiA
394,UCRAeL9NKNaj4i4EbLTiZmSg,UCNc-5stDG9KAkoZ2GjPjUvA
395,UCRAeL9NKNaj4i4EbLTiZmSg,UCtuF-p5_86ajFS-49gXIlHw
396,UCRAeL9NKNaj4i4EbLTiZmSg,UC0Zv7Y28ioYpKNHXd5fx5RQ
397,UCRAeL9NKNaj4i4EbLTiZmSg,UCXN7NMwjjQpBHxzMwOPYzjQ
398,UCRAeL9NKNaj4i4EbLTiZmSg,UCzSU4Vjk2VBJFHPvB5SJxHA
399,UCRAeL9NKNaj4i4EbLTiZmSg,UCb4F5Nqgupcz_fnOrzmE6SQ
400,UC_1YMglLCaURo-0qM3hS5Mg,UCFKi31abDzn_bcYiguWsMxA
401,UC_1YMglLCaURo-0qM3hS5Mg,UCZZ3rR4izeMdKOkaPYrTXaw
402,UC_1YMglLCaURo-0qM3hS5Mg,UCxSAUnjP08rWIlCpddhewUg
403,UC_1YMglLCaURo-0qM3hS5Mg,UCewWbkQc-XCQQDzrAewuIGA
404,UC_1YMglLCaURo-0qM3hS5Mg,UC1FeAmLeDMiP8m2IZT8b0LA
405,UCaDlFRI9pU1t6xvV3ict8kA,UCokOmKCQAugpV1t6lombFFA
406,UCaDlFRI9pU1t6xvV3ict8kA,UCN64oPXNfhEvPQJUaIHAEnA
407,UCaDlFRI9pU1t6xvV3ict8kA,UCZFZczviUmZdai-vN31dhUw
408,UCaDlFRI9pU1t6xvV3ict8kA,UCg9VQ-sMPYrimykEiJmrWEQ
409,UCaDlFRI9pU1t6xvV3ict8kA,UCxdIxetrh0rGQR1u7Rf8Sqg
410,UCaDlFRI9pU1t6xvV3ict8kA,UCq0g4VJx0J6Mbzt5odSMPyA
411,UCaDlFRI9pU1t6xvV3ict8kA,UCyomhBq6KSMV1Co0fL6TqNw
412,UCaDlFRI9pU1t6xvV3ict8kA,UCvcO5ABpvZ4WW8BJWHoPPKA
413,UCaDlFRI9pU1t6xvV3ict8kA,UC4LAZWk4d1atPJZpNj_phyg
414,UCaDlFRI9pU1t6xvV3ict8kA,UCbOY7-CILeqKef51zNdSWTA
415,UCaDlFRI9pU1t6xvV3ict8kA,UCGlgXjYVoHLD86TQQ799WIw
416,UCaDlFRI9pU1t6xvV3ict8kA,UCJ120k7t6NPIgvcPC_yRmOg
417,UCaDlFRI9pU1t6xvV3ict8kA,UC5FUanr1hfjZrVHLTTNjJiA
418,UCaDlFRI9pU1t6xvV3ict8kA,UCFHl-NvbOY_EBCrz9iy984w
419,UCaDlFRI9pU1t6xvV3ict8kA,UCGiBWxLKR6aPXZyuzY-BriQ
420,UCaDlFRI9pU1t6xvV3ict8kA,UCCKpgUH53J2Qg1x48oFKM2Q
421,UCaDlFRI9pU1t6xvV3ict8kA,UC-QatCe6vP_kXTNbrf80VUA
422,UCaDlFRI9pU1t6xvV3ict8kA,UC4OsXFBS4lsUjlZ0-5PK_2Q
423,UCaDlFRI9pU1t6xvV3ict8kA,UCmKdSrwf1e8coqAzUsrVHZw
424,UCaDlFRI9pU1t6xvV3ict8kA,UCQzl_Wsg0odXGPV6eX6okSg
425,UCaDlFRI9pU1t6xvV3ict8kA,UCRVruzlQF5cqpw9jQgIgNdw
426,UCaDlFRI9pU1t6xvV3ict8kA,UCrdYqmmlj3sDWP8OG754jeA
427,UCaDlFRI9pU1t6xvV3ict8kA,UCb4-om3UY151Hu1uCR8Q19Q
428,UCaDlFRI9pU1t6xvV3ict8kA,UCwj44V0PReL2OF1O53-wqeg
429,UCaDlFRI9pU1t6xvV3ict8kA,UCZkNUbDTwKZc6Hx9GBdwBWQ
430,UCaDlFRI9pU1t6xvV3ict8kA,UC60fDmdvEtIq7SKUu0TefUw
431,UCaDlFRI9pU1t6xvV3ict8kA,UCB0pM343IICtXpdbrLt_Xig
432,UCaDlFRI9pU1t6xvV3ict8kA,UCOrdCVtH4vOqmuvzGK0sRlg
433,UCaDlFRI9pU1t6xvV3ict8kA,UC9oOs6xc_nQ-f8-Phuom5sA
434,UCaDlFRI9pU1t6xvV3ict8kA,UCKN-As3jZf7l1jmOPtz3FhA
435,UCaDlFRI9pU1t6xvV3ict8kA,UCbZvkG2uAgr6Oiva4FytscQ
436,UCaDlFRI9pU1t6xvV3ict8kA,UCl0uBytaoETNGyC4u7Sj3Iw
437,UCaDlFRI9pU1t6xvV3ict8kA,UCgKWktZ5Izo2Nr9D_NUYAiw
438,UCaDlFRI9pU1t6xvV3ict8kA,UC9SbRHt9LLyHwAmxmiz5sRw
439,UCaDlFRI9pU1t6xvV3ict8kA,UC_lL7ehuVZEaHIM8GnIx0zw
440,UCaDlFRI9pU1t6xvV3ict8kA,UCN9HPn2fq-NL8M5_kp4RWZQ
441,UCaDlFRI9pU1t6xvV3ict8kA,UCnS_fXCCtZv_SAeQsMaJeKw
442,UCii2-9NFglWBpTSnYjzTkDA,UCb9h8EpBlGHv9Z896fu4yeQ
443,UCii2-9NFglWBpTSnYjzTkDA,UCq3YtFr5JWvID4iK9HyrM3Q
444,UCii2-9NFglWBpTSnYjzTkDA,UCJsEBx7hV04Q02Yz9iAgXuQ
445,UCii2-9NFglWBpTSnYjzTkDA,UC3xg6UbFoKFcWcNd7QvbUtw
446,UCii2-9NFglWBpTSnYjzTkDA,UCj3K2Xy0nQr3Jdc0nd-8zQw
447,UCii2-9NFglWBpTSnYjzTkDA,UCK2IAbTZ21116-Har3RXjwQ
448,UCii2-9NFglWBpTSnYjzTkDA,UCXjTiSGclQLVVU83GVrRM4w
449,UCii2-9NFglWBpTSnYjzTkDA,UCYuVuLCtgrkQ6znA_ShdvXA
450,UCii2-9NFglWBpTSnYjzTkDA,UCPlreGCqby4Qg9Vuem5scpw
451,UCii2-9NFglWBpTSnYjzTkDA,UC7LnadOwPEGqGnIuwVGfjow
452,UCSAEVx4UwsWRkXeuAplTDbg,UC2iIeKxdoYfIGtRzF99xnCA
453,UCSAEVx4UwsWRkXeuAplTDbg,UCtoWfTi6kZCS0v7su4qW3Tw
454,UCSAEVx4UwsWRkXeuAplTDbg,UCUsHbxNSb7r5T6RfMUQCtEQ
455,UCSAEVx4UwsWRkXeuAplTDbg,UClzTXpMuZkWvb2JExNDK63g
456,UCSAEVx4UwsWRkXeuAplTDbg,UChijKGFPCI7xhc_1UB3o0Pw
457,UCSAEVx4UwsWRkXeuAplTDbg,UCnX0Uv83BY81TY4i6lYLtAA
458,UCSAEVx4UwsWRkXeuAplTDbg,UCdADAYuztm5aaCx_SXtmcNA
459,UCSAEVx4UwsWRkXeuAplTDbg,UC5kLyea2wrmLLyAZbjwUN3g
460,UCLwTW0g6jwvFKXnUNZpHRmQ,UCtQgJZJu0hqBspa_oFKgT_g
461,UCLwTW0g6jwvFKXnUNZpHRmQ,UCN2S39AyGKRigToGlC_j-Sw
462,UCvY2v1m3ixa4NwCvI4x9vuw,UCEPkrGMghsXnoG1LffgjMJg
463,UCvY2v1m3ixa4NwCvI4x9vuw,UCA6PfTCYgNpnPGKSWSfjVKw
464,UCc_h5gKlbqk3GaCCC4sQoyg,UCOUJqZk5znHVCvPMvQY53Fg
465,UCc_h5gKlbqk3GaCCC4sQoyg,UCjcQmKeifVUUH5s4E4OrMhg
466,UCc_h5gKlbqk3GaCCC4sQoyg,UCcdcAVWQembHVlOhfq403FA
467,UCc_h5gKlbqk3GaCCC4sQoyg,UCGJVKvMbiNP5ou2yz0FdVWw
468,UC762hVAXr_ioBklzhzhlQfw,UCbvZ_xr_mwVbpTe9q59VECQ
469,UC762hVAXr_ioBklzhzhlQfw,UCHkm57ZjExicHc630M2xJ-Q
470,UC762hVAXr_ioBklzhzhlQfw,UCGsDW8g1koXoTC0Gq7tN2tg
471,UC762hVAXr_ioBklzhzhlQfw,UC6VSFaHYbR-bhNer7DXxGNQ
472,UC762hVAXr_ioBklzhzhlQfw,UCMJsF7fGuFUybKLjk7HqhfA
473,UC762hVAXr_ioBklzhzhlQfw,UCdkVwOtzGaOq7AJ90gnO-BQ
474,UC762hVAXr_ioBklzhzhlQfw,UC9WJo5ZJVXMZiA5XV2jLx5Q
475,UC762hVAXr_ioBklzhzhlQfw,UCFKSFhVMtIu7akVuxPtXtQw
476,UC762hVAXr_ioBklzhzhlQfw,UCASFOLy4Alu1IFOh9mbLhPA
477,UC762hVAXr_ioBklzhzhlQfw,UCeaXbFvR4F3uaN9vhz_WscA
478,UC762hVAXr_ioBklzhzhlQfw,UCX1xppLvuj03ubLio8jslyA
479,UC762hVAXr_ioBklzhzhlQfw,UCD_-oN3OfgGmajXMest2iFQ
480,UC762hVAXr_ioBklzhzhlQfw,UCh7bThzNArch6TgoHB1HVhA
481,UC762hVAXr_ioBklzhzhlQfw,UCgsw9ElYywmlU5sjdwtzGsA
482,UC762hVAXr_ioBklzhzhlQfw,UChoWNQx4k2rGqyczUGK5rUw
483,UC762hVAXr_ioBklzhzhlQfw,UCKtxF3ufOkuJohTeKyNbYrQ
484,UC762hVAXr_ioBklzhzhlQfw,UCHFvKf-ATrhs3jbjj793N6w
485,UC762hVAXr_ioBklzhzhlQfw,UCPBH2bIHXIijK8BwumQyRiQ
486,UC762hVAXr_ioBklzhzhlQfw,UCBnrwLktwf4aJDreNvG7x-w
487,UC762hVAXr_ioBklzhzhlQfw,UCzXjPL7zo0bxhOYDxLJ9YEg
488,UC762hVAXr_ioBklzhzhlQfw,UCYs35nWy7aTUBA4w8LcSCjQ
489,UC762hVAXr_ioBklzhzhlQfw,UCfgaDVoRTpFRgDSJLLLxn1g
490,UC762hVAXr_ioBklzhzhlQfw,UCg4nOl7_gtStrLwF0_xoV0A
491,UC762hVAXr_ioBklzhzhlQfw,UCVtuvA80Ud6Q5V7AfnD67sA
492,UC762hVAXr_ioBklzhzhlQfw,UCdqmGeaJIczU3-ZTdBv7JaQ
493,UC762hVAXr_ioBklzhzhlQfw,UChsvnAdu9Kx5lMN0dmTOdJQ
494,UC762hVAXr_ioBklzhzhlQfw,UC5aEf6Vhsmm8L7A5AVpJIZg
495,UC762hVAXr_ioBklzhzhlQfw,UCYZ9rknEmE4R1J_HBJ2yBlQ
496,UC762hVAXr_ioBklzhzhlQfw,UCv7nyXbledd51CHhQmlRXaQ
497,UC762hVAXr_ioBklzhzhlQfw,UCrkqNT0_Fd5_TIWdjey6K0A
498,UC762hVAXr_ioBklzhzhlQfw,UC7OmNkV72VwRJ7ST7-PzZUw
499,UC762hVAXr_ioBklzhzhlQfw,UCnyw7_L9RzWyCJtd3Eeu93w
500,UCTVm7TDCjWrAW_NgLSveq6w,UC8XPv5NUWv-aMhSBpdKlK0w
501,UCTVm7TDCjWrAW_NgLSveq6w,UCxBMIhUvixctWYrdivs1aHw
502,UCTVm7TDCjWrAW_NgLSveq6w,UCVydcN7qYwwD1_BqMYCOZOA
503,UCTVm7TDCjWrAW_NgLSveq6w,UCXHCC1WbbF3jPnL1JdRWWNA
504,UCTVm7TDCjWrAW_NgLSveq6w,UC8JvZ2-fC404ZZbeQcEJ92A
505,UCTVm7TDCjWrAW_NgLSveq6w,UCMAUI5oKmP5nLITD-u9S8dw
506,UCTVm7TDCjWrAW_NgLSveq6w,UCb9h8EpBlGHv9Z896fu4yeQ
507,UCTVm7TDCjWrAW_NgLSveq6w,UCc7Dqe2967Vl7DtKNv0QshA
508,UCTVm7TDCjWrAW_NgLSveq6w,UCHUU8VHKcePqDgkjuX60aUg
509,UCTVm7TDCjWrAW_NgLSveq6w,UC0uGaJeR29UfRzyTDv7tTTQ
510,UCTVm7TDCjWrAW_NgLSveq6w,UCv2kpBENso5qvJPA-CZcFDw
511,UCTVm7TDCjWrAW_NgLSveq6w,UCrcqCDrC5nn-8KrbzUNrvSA
512,UCTVm7TDCjWrAW_NgLSveq6w,UCqRlsPLYqq5tMhQhV8HBetw
513,UCTVm7TDCjWrAW_NgLSveq6w,UCfeXmVMWdoBYaPSGH8wwcPQ
514,UCTVm7TDCjWrAW_NgLSveq6w,UCHkxn-9n6Z3yQzg5fZgc0tA
515,UCTVm7TDCjWrAW_NgLSveq6w,UC_HLK-ksslL-Z_2wiIZDlMg
516,UCTVm7TDCjWrAW_NgLSveq6w,UCd5aPCK4KlWyQyqd1L1j-_A
517,UCTVm7TDCjWrAW_NgLSveq6w,UCBqACdTQuqZUFO90EOxn06A
518,UCTVm7TDCjWrAW_NgLSveq6w,UCgPMfI7S18ZM5Q-l76l9sRg
519,UCTVm7TDCjWrAW_NgLSveq6w,UCfze58PCjWjjqu147IvPxAw
520,UCTVm7TDCjWrAW_NgLSveq6w,UChhik1YWvUrtfNkk57DuuGQ
521,UCTVm7TDCjWrAW_NgLSveq6w,UCWpkVWp9-BlcacwFfv4liHg
522,UCTVm7TDCjWrAW_NgLSveq6w,UCnf0vxeJnEdTHVc4AXMUIlA
523,UCTVm7TDCjWrAW_NgLSveq6w,UCSEoY03WFn7D0m1uMi6DxZQ
524,UCTVm7TDCjWrAW_NgLSveq6w,UCFo4kqllbcQ4nV83WCyraiw
525,UCTVm7TDCjWrAW_NgLSveq6w,UCHcpkJaDg_PxPebZUM0GbuA
526,UCTVm7TDCjWrAW_NgLSveq6w,UCglVHpRmuaTQuQM4Beknhvg
527,UCTVm7TDCjWrAW_NgLSveq6w,UCyobibQIITEl8S660C1yBJw
528,UCTVm7TDCjWrAW_NgLSveq6w,UCCm4fz2TaG8uaAGODfrOycg
529,UCTVm7TDCjWrAW_NgLSveq6w,UCB5ls-gpcjgfzhMGmfNP2rw
530,UCTVm7TDCjWrAW_NgLSveq6w,UCQayVL_me65JC039-a0IxMQ
531,UCTVm7TDCjWrAW_NgLSveq6w,UC9jbXmJYqrcih-laCKNtgIw
532,UCTVm7TDCjWrAW_NgLSveq6w,UC-hBsiW-wjfu4yntT3_DNpQ
533,UCTVm7TDCjWrAW_NgLSveq6w,UCXCknrYDQ2VlVxBnRWBnEFg
534,UCTVm7TDCjWrAW_NgLSveq6w,UCYZl69Cby8wHyazEp8I9tlA
535,UCTVm7TDCjWrAW_NgLSveq6w,UCk-AjDBOodw8P40f0y6EYeA
536,UCTVm7TDCjWrAW_NgLSveq6w,UCf07m17vj8NJQGkwne03R_Q
537,UCTVm7TDCjWrAW_NgLSveq6w,UCnuCdG0QfclKcoMU_DUZ49Q
538,UCTVm7TDCjWrAW_NgLSveq6w,UCph76YzMKEXbVem2zqCM3BA
539,UCTVm7TDCjWrAW_NgLSveq6w,UCF2Kl5aL-_vcwaNhUf7YqbA
540,UCTVm7TDCjWrAW_NgLSveq6w,UCB1dgsqLiEp57oDAyNV_vww
541,UCTVm7TDCjWrAW_NgLSveq6w,UCNujmWc1iQWTLpW-XgoJLwg
542,UCTVm7TDCjWrAW_NgLSveq6w,UCa6oNOr1S251sHs8rile4Rw
543,UCTVm7TDCjWrAW_NgLSveq6w,UCtEo8RBhvAekmGwPtvHyDXw
544,UCTVm7TDCjWrAW_NgLSveq6w,UCZfaov6xJNH4jdEbchCSGyw
545,UCTVm7TDCjWrAW_NgLSveq6w,UCmO6PkDPCeTKErCJnr44PNw
546,UCTVm7TDCjWrAW_NgLSveq6w,UCgIUiYo9N8nmubnLNV6DBzA
547,UCTVm7TDCjWrAW_NgLSveq6w,UCGzED6V52cFg_4LxPf2Di3Q
548,UCTVm7TDCjWrAW_NgLSveq6w,UCY_EOdoOqnHEXlNP8CK90uQ
549,UCTVm7TDCjWrAW_NgLSveq6w,UCmNxeRg-IQ14_MOzEzyy3tA
550,UCTVm7TDCjWrAW_NgLSveq6w,UCWVO0OICQ1Q-8JBr_3hGKPw
551,UCTVm7TDCjWrAW_NgLSveq6w,UCBobmJyzsJ6Ll7UbfhI4iwQ
552,UCTVm7TDCjWrAW_NgLSveq6w,UCKYKPdLzr-ulRByYvex-htg
553,UCTVm7TDCjWrAW_NgLSveq6w,UCQqzv5xJs5IvxKfiHwklYmw
554,UCTVm7TDCjWrAW_NgLSveq6w,UCRo8q2jFs_eoYxicg0Di5DA
555,UCTVm7TDCjWrAW_NgLSveq6w,UCKSSZYcoRHkrF6lkarKYZvg
556,UCTVm7TDCjWrAW_NgLSveq6w,UCxJwtYGShEkTcsMr9sRPOag
557,UCTVm7TDCjWrAW_NgLSveq6w,UCWiA6cj0Pr6bMbtCDLmzgog
558,UCTVm7TDCjWrAW_NgLSveq6w,UC6PzyAyWLCWbsR3FyT-Y3Fw
559,UCTVm7TDCjWrAW_NgLSveq6w,UCLI1ta1jCqMZeHSqY95lhlQ
560,UCTVm7TDCjWrAW_NgLSveq6w,UCLJntLl956c0Vg4QYqGatPA
561,UCTVm7TDCjWrAW_NgLSveq6w,UCGsDW8g1koXoTC0Gq7tN2tg
562,UCTVm7TDCjWrAW_NgLSveq6w,UCgVcFik1mDpCMzGC-VXlLyg
563,UCTVm7TDCjWrAW_NgLSveq6w,UCD8vD_UGio5SQpy9E3eI06Q
564,UCTVm7TDCjWrAW_NgLSveq6w,UC7Shb03PAVEf-G1Ji8Xk-OA
565,UCTVm7TDCjWrAW_NgLSveq6w,UCr7ICM23TPXHcFO6ShSZXFw
566,UCTVm7TDCjWrAW_NgLSveq6w,UCjSUdR3q0-3lrVa2yiEI95Q
567,UCTVm7TDCjWrAW_NgLSveq6w,UCFdBehO71GQaIom4WfVeGSw
568,UCTVm7TDCjWrAW_NgLSveq6w,UCPeJsIz0fNwiHVBGjuoxeIw
569,UCTVm7TDCjWrAW_NgLSveq6w,UCMMjv61LfBy5J3AT8Ua0NGQ
570,UCTVm7TDCjWrAW_NgLSveq6w,UCLiQ--EXgzUV03q5jKQYWcw
571,UCTVm7TDCjWrAW_NgLSveq6w,UCmGVe71z-F_bu-4D7eLSQPg
572,UCTVm7TDCjWrAW_NgLSveq6w,UCfhd2VYe7m1hVXh8ujYWapw
573,UCTVm7TDCjWrAW_NgLSveq6w,UC_fmKg_vq4akHJSNRZxzIRA
574,UCTVm7TDCjWrAW_NgLSveq6w,UCuG5ehhxJKWgMEN64eVL70A
575,UCTVm7TDCjWrAW_NgLSveq6w,UC8dBPlnKodOG7eoPa9RuUFg
576,UCTVm7TDCjWrAW_NgLSveq6w,UCaAzAaFpKeE8n77B3ZqiBfw
577,UCTVm7TDCjWrAW_NgLSveq6w,UChn5TjkeEqd-JxzizMVSkOw
578,UCTVm7TDCjWrAW_NgLSveq6w,UCAwOafgRXW0G-4s5wcyS5jQ
579,UCTVm7TDCjWrAW_NgLSveq6w,UCUUekIrulAiJnUOawqBRwZQ
580,UCTVm7TDCjWrAW_NgLSveq6w,UCvttf-nahdWZ9wpski7_UYA
581,UCTVm7TDCjWrAW_NgLSveq6w,UCy7LTsa2Vl8wi6Q8_zCK9ew
582,UCTVm7TDCjWrAW_NgLSveq6w,UCwbREuPPCpE8qEfYS12IaFw
583,UCTVm7TDCjWrAW_NgLSveq6w,UCHPARXha7xQNbfzwzY7NzUw
584,UCTVm7TDCjWrAW_NgLSveq6w,UCdh0TIw8Q1hlsC47kiDwYTQ
585,UCTVm7TDCjWrAW_NgLSveq6w,UCKA_0gnwdxS5Y1ZbVDZw5dQ
586,UCTVm7TDCjWrAW_NgLSveq6w,UC9WJo5ZJVXMZiA5XV2jLx5Q
587,UCTVm7TDCjWrAW_NgLSveq6w,UC6eP2va3ZyEiQ4dqMEXpOyQ
588,UCTVm7TDCjWrAW_NgLSveq6w,UCFkVVgEo5E2Gk79Ah8uM7kw
589,UCTVm7TDCjWrAW_NgLSveq6w,UCLJNZ7osIjNix4bbkM-rj5w
590,UCTVm7TDCjWrAW_NgLSveq6w,UCGeMyS0XAVV5vbeDRYch9Yg
591,UCTVm7TDCjWrAW_NgLSveq6w,UCj7GlCaRHw0JD0kx7TGIp2w
592,UCTVm7TDCjWrAW_NgLSveq6w,UC5JJ8Q1Z4aX0YoiTCUtgX3Q
593,UCTVm7TDCjWrAW_NgLSveq6w,UCtks1IWG8KOhVWQlh2oM2VQ
594,UCTVm7TDCjWrAW_NgLSveq6w,UCoR01KQRDnox6FBIn5Nc-YQ
595,UCTVm7TDCjWrAW_NgLSveq6w,UCjwXQkG_duYET5YQMnWw0Ng
596,UCTVm7TDCjWrAW_NgLSveq6w,UC3wX10-kwAaanuzWljBWpug
597,UCTVm7TDCjWrAW_NgLSveq6w,UCyu97VEUcSt8GMnQIeLLxhg
598,UCTVm7TDCjWrAW_NgLSveq6w,UC9w-H2Ic8Eou1HO2QmiYOGA
599,UCTVm7TDCjWrAW_NgLSveq6w,UCu8YDiJJe5Ilhpl7OI5shJw
600,UCTVm7TDCjWrAW_NgLSveq6w,UCLUt3ebMajWbrr03-fEdEeA
601,UCTVm7TDCjWrAW_NgLSveq6w,UC6FoPaPpTVPCqxpm_hjBWzA
602,UCTVm7TDCjWrAW_NgLSveq6w,UC63aoX5XyBku3Ukk2BCqDdA
603,UCTVm7TDCjWrAW_NgLSveq6w,UCDN1DjJhPNSjCz3m2K1WYtA
604,UCTVm7TDCjWrAW_NgLSveq6w,UC6IEwR-WtLcNLQz8GLlruAg
605,UCTVm7TDCjWrAW_NgLSveq6w,UCC4NkFV-L-vVYD5z_Ei5dUA
606,UCTVm7TDCjWrAW_NgLSveq6w,UCAgAAVxg_c9H7LObrYHI7lg
607,UCTVm7TDCjWrAW_NgLSveq6w,UCJsEBx7hV04Q02Yz9iAgXuQ
608,UCTVm7TDCjWrAW_NgLSveq6w,UCy5lOmEQoivK5XK7QCaRKug
609,UCTVm7TDCjWrAW_NgLSveq6w,UCFktswbXx7wDNnGNkBtCwng
610,UCTVm7TDCjWrAW_NgLSveq6w,UC2Dn71tJWdu8UqJrJRekU9Q
611,UCTVm7TDCjWrAW_NgLSveq6w,UCF3l88d_kHHezz_xZUvd09A
612,UCTVm7TDCjWrAW_NgLSveq6w,UCNfkZH_yEucwJFyl_R3EfjA
613,UCTVm7TDCjWrAW_NgLSveq6w,UCp-8cPCziyRz2OXJWBOjsCQ
614,UCTVm7TDCjWrAW_NgLSveq6w,UCrIMBam96x45c54Mf8x2-lw
615,UCTVm7TDCjWrAW_NgLSveq6w,UCkRt3iLxOl6w4Malyh8fnXQ
616,UCTVm7TDCjWrAW_NgLSveq6w,UCaJSiAyZDgzHvKFgw2I1lQQ
617,UCTVm7TDCjWrAW_NgLSveq6w,UCpv-_UwsYpe5ifnEC2hYB8g
618,UCTVm7TDCjWrAW_NgLSveq6w,UCMmRHq3E_9Hc9noZeo3zDCw
619,UCTVm7TDCjWrAW_NgLSveq6w,UCaFLeZCNpcIafSFSayv9ksg
620,UCTVm7TDCjWrAW_NgLSveq6w,UCrn6ukKQ9-t1mRYgany043w
621,UCTVm7TDCjWrAW_NgLSveq6w,UCD0wsHmI67hUStLiQDKyDBw
622,UCTVm7TDCjWrAW_NgLSveq6w,UCuFE6BLZoxwBe6-2xAprPFw
623,UCTVm7TDCjWrAW_NgLSveq6w,UCZ0BWdHQ7k_I_YuLcSk0ShA
624,UCTVm7TDCjWrAW_NgLSveq6w,UCuetpR11bGq3-GoDiOjZfug
625,UCTVm7TDCjWrAW_NgLSveq6w,UCNnbL9tDnxEgzhhkYGBEjvg
626,UCTVm7TDCjWrAW_NgLSveq6w,UCQDQ874S5U9853n2pj3JgSQ
627,UCTVm7TDCjWrAW_NgLSveq6w,UCPVr7clenPjpD7WNsSI3UBQ
628,UCTVm7TDCjWrAW_NgLSveq6w,UCTX8yV1KT3y9MXjFdlyijjA
629,UCTVm7TDCjWrAW_NgLSveq6w,UC2um9MgjkZ1CD6lKsuNQ5XA
630,UCTVm7TDCjWrAW_NgLSveq6w,UCPkRN7x2Nj5ltib4OelszIg
631,UCTVm7TDCjWrAW_NgLSveq6w,UC5PabFbfNbNyRzf4N8rqOIQ
632,UCTVm7TDCjWrAW_NgLSveq6w,UClNZUVnSFRKKUfJYarEUqdA
633,UCTVm7TDCjWrAW_NgLSveq6w,UCSwW7Cgtn1Bq74YGiIY2UFg
634,UCTVm7TDCjWrAW_NgLSveq6w,UCX2c6V2YSdXvW0hzDtf4OPA
635,UCTVm7TDCjWrAW_NgLSveq6w,UC2aGNidfUAdJRRBmHqLjI-g
636,UCTVm7TDCjWrAW_NgLSveq6w,UCtf_KblMpE1qkHcaLnqLY5Q
637,UCTVm7TDCjWrAW_NgLSveq6w,UCYbHrDLmAM0Y-E1X6bGWVFA
638,UCTVm7TDCjWrAW_NgLSveq6w,UCQG6BjuplXYp3MvsgubzTdA
639,UCTVm7TDCjWrAW_NgLSveq6w,UCL4QAojeGy6CJ9R2PwmlmJQ
640,UCTVm7TDCjWrAW_NgLSveq6w,UC5Y35HzjHnxi2Dk8Xk8Cllw
641,UCTVm7TDCjWrAW_NgLSveq6w,UCat4Ps0c0AOdo9ncYxhQXig
642,UCTVm7TDCjWrAW_NgLSveq6w,UCza7gpgd6heRb8rH4oEBZfA
643,UCTVm7TDCjWrAW_NgLSveq6w,UC7I3QTra4_kC4TSu8f7rHkA
644,UCTVm7TDCjWrAW_NgLSveq6w,UCV_bOyaNKyzKX6fnRlcu4UA
645,UCTVm7TDCjWrAW_NgLSveq6w,UCfTnJmRQP79C4y_BMF_XrlA
646,UCTVm7TDCjWrAW_NgLSveq6w,UCTJEYSVtlmcGr7MK-HUR_8Q
647,UCTVm7TDCjWrAW_NgLSveq6w,UCtjLGNIyJciysNCJDdXyKew
648,UCTVm7TDCjWrAW_NgLSveq6w,UCkpxBlaxpnoMtObVL36gXAA
649,UCTVm7TDCjWrAW_NgLSveq6w,UCUlJm52_0UGXyiQULLbGSmA
650,UCTVm7TDCjWrAW_NgLSveq6w,UClq2Irb6e9SadzBqpE5PByA
651,UCTVm7TDCjWrAW_NgLSveq6w,UCYngjP_3hOC-yu2A077rKbQ
652,UCTVm7TDCjWrAW_NgLSveq6w,UC7ngHtk3edv20ggE3TkkT0g
653,UCTVm7TDCjWrAW_NgLSveq6w,UC6Ze6VcAXK9_iBYyOSbtc5A
654,UCTVm7TDCjWrAW_NgLSveq6w,UCtK2KDeehHoXPSXTHCTUV0A
655,UCTVm7TDCjWrAW_NgLSveq6w,UC3b9jTrnME3V4J5zLnVSmtg
656,UCTVm7TDCjWrAW_NgLSveq6w,UCY1qrEDK378Jay-0ewRfnHw
657,UCTVm7TDCjWrAW_NgLSveq6w,UC0yQ2h4gQXmVUFWZSqlMVOA
658,UCTVm7TDCjWrAW_NgLSveq6w,UCLfwxR7rGuclNgTnW6CNPbw
659,UCTVm7TDCjWrAW_NgLSveq6w,UCGcYF_0iza_U8zcu_kzQBNg
660,UCTVm7TDCjWrAW_NgLSveq6w,UCU0JjQr0I0DIRwV8joRIIBA
661,UCTVm7TDCjWrAW_NgLSveq6w,UC7m7s9RJNaw_ApQwajkY1sQ
662,UCTVm7TDCjWrAW_NgLSveq6w,UCMbsY3iQKAfrLLPoSNYJK6w
663,UCTVm7TDCjWrAW_NgLSveq6w,UCd1SHHpqbGKhk0vpTj_ZUfg
664,UCTVm7TDCjWrAW_NgLSveq6w,UCtfS5Rjdcuj7XGlTW6JsMgQ
665,UCTVm7TDCjWrAW_NgLSveq6w,UCczh4w4k5cjuZBKFqlIF3kw
666,UCTVm7TDCjWrAW_NgLSveq6w,UCdLEVc_V9v20pKvW380dGDg
667,UCTVm7TDCjWrAW_NgLSveq6w,UCzYLFXHTOcdiQCx9XZsQttw
668,UCTVm7TDCjWrAW_NgLSveq6w,UC7umTzIrIJq8Xh428lj0M5A
669,UCTVm7TDCjWrAW_NgLSveq6w,UCphTq6mefx_15CjD35qgXgA
670,UCTVm7TDCjWrAW_NgLSveq6w,UCTQ4ZQCP2GgpmFNa1xweGBg
671,UCTVm7TDCjWrAW_NgLSveq6w,UC7OZ8V7plonTU229Io2myIg
672,UCTVm7TDCjWrAW_NgLSveq6w,UCVqCcOKMgrti7Y5v20GX0oA
673,UCTVm7TDCjWrAW_NgLSveq6w,UCmbeorAobGAcPWJk2iGiDyg
674,UCTVm7TDCjWrAW_NgLSveq6w,UCe1r2PUwuOVhXoycKGjPVwA
675,UCTVm7TDCjWrAW_NgLSveq6w,UCIuX-YuXmsJcU-i1tF5M1tw
676,UCTVm7TDCjWrAW_NgLSveq6w,UCbGpIw5LmPNu4nSWqlaiu7g
677,UCTVm7TDCjWrAW_NgLSveq6w,UCy3Cr0DkrDY1QviMDlxcDZA
678,UCTVm7TDCjWrAW_NgLSveq6w,UCQx3ARKKm6hmayqb7oolwQA
679,UCTVm7TDCjWrAW_NgLSveq6w,UCCC7cPlaraQtAVGph5hU4Xw
680,UCTVm7TDCjWrAW_NgLSveq6w,UCHsgsGmXU_eEfcrJ-TOAQaA
681,UCTVm7TDCjWrAW_NgLSveq6w,UC47AYUs8AVU1QsT5LhpXjaw
682,UCTVm7TDCjWrAW_NgLSveq6w,UC0pyyPwW_-1Ug0itc3NCnjQ
683,UCTVm7TDCjWrAW_NgLSveq6w,UCQCitTVKYdLkozMqQ_Iyf-w
684,UCTVm7TDCjWrAW_NgLSveq6w,UClUMHCKZZgKHqA4ViOcjp9w
685,UCTVm7TDCjWrAW_NgLSveq6w,UCX8Zch65FetXCsGTfEitXSg
686,UCTVm7TDCjWrAW_NgLSveq6w,UCKCHHmuPOdHdrUwk5OqsQRQ
687,UCTVm7TDCjWrAW_NgLSveq6w,UCfxxauhXLGtuPVEbiMzO74w
688,UCTVm7TDCjWrAW_NgLSveq6w,UCmrZx6L5NT_onReOmWhO3ug
689,UCTVm7TDCjWrAW_NgLSveq6w,UCduDJ6s3mMchYMy2HvqalxQ
690,UCTVm7TDCjWrAW_NgLSveq6w,UCVqndbod8nEqHKNRSFZvoBQ
691,UCTVm7TDCjWrAW_NgLSveq6w,UCN3zZcUPactex5W8KfZG4Yw
692,UCTVm7TDCjWrAW_NgLSveq6w,UC1nVq5-LTEdUVmr5FLfkd7A
693,UCTVm7TDCjWrAW_NgLSveq6w,UC-IdN5EFZvzzZGqgul8eXKQ
694,UCTVm7TDCjWrAW_NgLSveq6w,UCkZZcywkD5BzJAvjSH1BtfQ
695,UCTVm7TDCjWrAW_NgLSveq6w,UCcrVKHnn9O3z0Ao6sUPE7nA
696,UCTVm7TDCjWrAW_NgLSveq6w,UCrj3Muoy1mtYHh0VD7bsjXw
697,UCTVm7TDCjWrAW_NgLSveq6w,UCRYdN13_kvBfavbvH74JYBg
698,UCTVm7TDCjWrAW_NgLSveq6w,UCY-z_9mau6X-Vr4gk2aWtMQ
699,UCTVm7TDCjWrAW_NgLSveq6w,UCQuMmwxT25MPI1E0YXwARhA
700,UCTVm7TDCjWrAW_NgLSveq6w,UCJZVj2iBrdvbNc416i0V-UA
701,UCTVm7TDCjWrAW_NgLSveq6w,UCv-UKqSp_S9nrm2KWKk0dpw
702,UCTVm7TDCjWrAW_NgLSveq6w,UCj3K2Xy0nQr3Jdc0nd-8zQw
703,UCTVm7TDCjWrAW_NgLSveq6w,UCXB2Y52edz61jSJR1MVysMA
704,UCTVm7TDCjWrAW_NgLSveq6w,UCxqhUyZeCyL-2F94z-nCysQ
705,UCTVm7TDCjWrAW_NgLSveq6w,UCQAJlnmzlQGhDmjiSx8FH4Q
706,UCTVm7TDCjWrAW_NgLSveq6w,UCtYgWmP-VRqNED6sglxQrxA
707,UCTVm7TDCjWrAW_NgLSveq6w,UC2ejWHqjiCwdEQbp4oyTsBA
708,UCTVm7TDCjWrAW_NgLSveq6w,UCK2IAbTZ21116-Har3RXjwQ
709,UCTVm7TDCjWrAW_NgLSveq6w,UCevPBAKPBSgJIHU-vSeltlw
710,UCTVm7TDCjWrAW_NgLSveq6w,UCKdvGNtzpYqXwoh8niogRcQ
711,UCTVm7TDCjWrAW_NgLSveq6w,UC_39VhpzPZyOVrXUeWv04Zg
712,UCTVm7TDCjWrAW_NgLSveq6w,UCKPgDittmcqhf0v52rqNzAA
713,UCTVm7TDCjWrAW_NgLSveq6w,UCyJdLhqsb4N90e0zm0ySdMw
714,UCTVm7TDCjWrAW_NgLSveq6w,UC8gBin_mD6_Gh5kEPndhwPw
715,UCTVm7TDCjWrAW_NgLSveq6w,UCCljWdIP-Rf4v3V-4H31STQ
716,UCTVm7TDCjWrAW_NgLSveq6w,UCaIZDgiTHnG-QZBzsyer-CA
717,UCTVm7TDCjWrAW_NgLSveq6w,UCEZE13DFJdRjTLvv4YvwPSA
718,UCTVm7TDCjWrAW_NgLSveq6w,UCUnbORFsNkFV3C4Tu2HtRKw
719,UCTVm7TDCjWrAW_NgLSveq6w,UCxoylshiYOsnDiIPSTKiHcQ
720,UCTVm7TDCjWrAW_NgLSveq6w,UC3Hqmjs0jXo-th1zwZGe0vA
721,UCTVm7TDCjWrAW_NgLSveq6w,UCfe1BQubsYliVQu_VuUOh8A
722,UCTVm7TDCjWrAW_NgLSveq6w,UCNCePLhXWhW3YWndHzmimGQ
723,UCTVm7TDCjWrAW_NgLSveq6w,UCt1khDGMCaUKZtuc-Yfjt9g
724,UCTVm7TDCjWrAW_NgLSveq6w,UCM7oMzQaxSJ5JEnuVg_NlLg
725,UCTVm7TDCjWrAW_NgLSveq6w,UCoT9z_M8H6OqupEmjeFceuQ
726,UCTVm7TDCjWrAW_NgLSveq6w,UC6jrifjIAQ2hSoe9I7BwftQ
727,UCTVm7TDCjWrAW_NgLSveq6w,UCAbJB2sphZIoc7jWypNUcwA
728,UCTVm7TDCjWrAW_NgLSveq6w,UCi8iRBBxs6ZL9FZ9ffZ3Tcw
729,UCTVm7TDCjWrAW_NgLSveq6w,UCPHrqNH-xTdluvJOfRsU0WQ
730,UCTVm7TDCjWrAW_NgLSveq6w,UC2UYIojRjx8yOd1owDD36Rw
731,UCTVm7TDCjWrAW_NgLSveq6w,UCLPqhQ4wclWsJ-einfaVXUw
732,UCTVm7TDCjWrAW_NgLSveq6w,UCqwqMy4j5pxj9urLzuykQiQ
733,UCTVm7TDCjWrAW_NgLSveq6w,UC3rV0-H5P47FuuiaD8ssNJg
734,UCTVm7TDCjWrAW_NgLSveq6w,UCcoPRjkKML-y-pTs1tRTTQA
735,UCTVm7TDCjWrAW_NgLSveq6w,UCKxnXboujhwy7osAwu75-2w
736,UCTVm7TDCjWrAW_NgLSveq6w,UCEPhfllv5gm32HuYgWO4lNQ
737,UCTVm7TDCjWrAW_NgLSveq6w,UCoOgK8azNyqiQ-3boUkC-dA
738,UCTVm7TDCjWrAW_NgLSveq6w,UCqmWJJolqAgjIdLqK3zD1QQ
739,UCTVm7TDCjWrAW_NgLSveq6w,UCp60qNFmqRy7Q5ymP20dsGw
740,UCTVm7TDCjWrAW_NgLSveq6w,UCNBCKZdKKd6_UFrEFUUsPAQ
741,UCTVm7TDCjWrAW_NgLSveq6w,UCxqWXALpfawX5T45-4qD1Qg
742,UCTVm7TDCjWrAW_NgLSveq6w,UCUFpO6w6qnO4GYlbmmuKcMg
743,UCTVm7TDCjWrAW_NgLSveq6w,UCpDQFiB8i0Vj1Ws-nxt5IbQ
744,UCTVm7TDCjWrAW_NgLSveq6w,UCqJy7zfPa8ygh5vuTwLFDYQ
745,UCTVm7TDCjWrAW_NgLSveq6w,UCJNl8jIPWqabT8vS9XxVCUQ
746,UCTVm7TDCjWrAW_NgLSveq6w,UCbVlCAxjvhi6SRn3Ug0iaWw
747,UCTVm7TDCjWrAW_NgLSveq6w,UCriVBXcx4sCLxlKseAGcjvw
748,UCTVm7TDCjWrAW_NgLSveq6w,UCby9CkfDlY8SuFnanp5-l7Q
749,UCTVm7TDCjWrAW_NgLSveq6w,UC_BrdzfqOOhvz4izLyLgiOA
750,UCTVm7TDCjWrAW_NgLSveq6w,UCqzs2f6gYk_n6nkV6JN7ZbQ
751,UCTVm7TDCjWrAW_NgLSveq6w,UCn802QnhEur3aQ5wR-ly6WQ
752,UCTVm7TDCjWrAW_NgLSveq6w,UCSlAjj3WdIi4BIDQVo-mM9w
753,UCTVm7TDCjWrAW_NgLSveq6w,UCh_fW8LxPsfr9UooM37tRSA
754,UCTVm7TDCjWrAW_NgLSveq6w,UCXU-2zZoL9R6y2Tv8C2tSQw
755,UCTVm7TDCjWrAW_NgLSveq6w,UCr9HhpHIZB5CzkOBG2sjP7Q
756,UCTVm7TDCjWrAW_NgLSveq6w,UCWHesJurGMAO_UmSFI3YeGw
757,UCTVm7TDCjWrAW_NgLSveq6w,UCWn4OA43jEeWV3U1Q0_B2Jg
758,UCTVm7TDCjWrAW_NgLSveq6w,UCOznO6ysTr3PD9nVkHBmGOA
759,UCTVm7TDCjWrAW_NgLSveq6w,UCvf-6ghRPTEqEFW-GM7Thiw
760,UCTVm7TDCjWrAW_NgLSveq6w,UCOwLECHVxmbbWTr9tXmxDxA
761,UCTVm7TDCjWrAW_NgLSveq6w,UCdFukkLFB6GOsfAAkNnmZJA
762,UCTVm7TDCjWrAW_NgLSveq6w,UCGwF3lWxOmXYFXE3VvrwksQ
763,UCTVm7TDCjWrAW_NgLSveq6w,UCZ1WJDkMNiZ_QwHnNrVf7Pw
764,UCTVm7TDCjWrAW_NgLSveq6w,UCjlmCrq4TP1I4xguOtJ-31w
765,UCTVm7TDCjWrAW_NgLSveq6w,UCMXjwK6-rRw-la5SN5j0M6g
766,UCTVm7TDCjWrAW_NgLSveq6w,UCbajpFNYPYj7Kg0S3gaBzUA
767,UCTVm7TDCjWrAW_NgLSveq6w,UCYZ5EsdIJNXOw2LwZxp7z_A
768,UCTVm7TDCjWrAW_NgLSveq6w,UCNykM_RMoEFKO7bZ728ACuA
769,UCTVm7TDCjWrAW_NgLSveq6w,UCVPz_nauEJpqPxxvYiOpCHQ
770,UCTVm7TDCjWrAW_NgLSveq6w,UCxs4TtlgxC7Nda6jEJF6Ejg
771,UCTVm7TDCjWrAW_NgLSveq6w,UCVyni7almqXEfwv5Z90FOcA
772,UCTVm7TDCjWrAW_NgLSveq6w,UCkve7YZsw5Z7tuTM-HJ1YSQ
773,UCTVm7TDCjWrAW_NgLSveq6w,UCNp3lo4TxHxHU7CakIq-4UQ
774,UCTVm7TDCjWrAW_NgLSveq6w,UC64mkbh9upALaZfkgnrXV5Q
775,UCTVm7TDCjWrAW_NgLSveq6w,UCmD3ZX3hXhihuzVRVe5o27g
776,UCTVm7TDCjWrAW_NgLSveq6w,UCDa38om--xWjFsnWNO-Av0g
777,UCTVm7TDCjWrAW_NgLSveq6w,UCaG7jufgiw4p5mphPPVbqhw
778,UCTVm7TDCjWrAW_NgLSveq6w,UCSWWIWBpbhCG5Gl_NMm_SLg
779,UCTVm7TDCjWrAW_NgLSveq6w,UCTOxnI3eOI_o1HRgzq-LEZw
780,UCTVm7TDCjWrAW_NgLSveq6w,UCsQtQKuQCIg_1BwRZubb_pg
781,UCTVm7TDCjWrAW_NgLSveq6w,UCEj6hquMBUiQGunwIO1zVZA
782,UCTVm7TDCjWrAW_NgLSveq6w,UCgovKUoQn0QtldN0KaDZpaQ
783,UCTVm7TDCjWrAW_NgLSveq6w,UC3-1iYGHfR43q_b974vUNYg
784,UCTVm7TDCjWrAW_NgLSveq6w,UCCdskievdAtH6AtPeEfTqEg
785,UCTVm7TDCjWrAW_NgLSveq6w,UCU7D157G4xU-hkBzmzBYqmA
786,UCTVm7TDCjWrAW_NgLSveq6w,UCNChLKVbabhr607kh0JGPQA
787,UCTVm7TDCjWrAW_NgLSveq6w,UCDunz_CPkqkQT5ljKXcYkhg
788,UCTVm7TDCjWrAW_NgLSveq6w,UCCb4JEa7itqmHTilclgTmcA
789,UCTVm7TDCjWrAW_NgLSveq6w,UCBdY74QkHyKA_Cqwq9z19hQ
790,UCTVm7TDCjWrAW_NgLSveq6w,UCQO4HzPkRpczr3rECUOL3RQ
791,UCTVm7TDCjWrAW_NgLSveq6w,UC6kSLiIgAcbXNSxf0JHjy5g
792,UCTVm7TDCjWrAW_NgLSveq6w,UCWbq8rJmj_wAts-czbpgSEA
793,UCTVm7TDCjWrAW_NgLSveq6w,UCsWTZ4nYODCwlE8rdv7DZzA
794,UCTVm7TDCjWrAW_NgLSveq6w,UCmObuph62ORbLeUMs3vsjVw
795,UCTVm7TDCjWrAW_NgLSveq6w,UCKHUaBndhvTACLJEX8pYwVw
796,UCTVm7TDCjWrAW_NgLSveq6w,UCPWrWAjil6H-12oVDTC1bLA
797,UCTVm7TDCjWrAW_NgLSveq6w,UC3D0vcA1TuICrWUHjB56_6Q
798,UCTVm7TDCjWrAW_NgLSveq6w,UCCCEarQt-TnYvwGTKhPYcoQ
799,UCTVm7TDCjWrAW_NgLSveq6w,UC-6DVb3QQK2_2oso0RqgNWA
800,UCTVm7TDCjWrAW_NgLSveq6w,UCBERF7Bp43yKWe-9e3fqoqw
801,UCTVm7TDCjWrAW_NgLSveq6w,UClRcHI197V5MHA0nGkqX9gg
802,UCjueYZd2xTnj2HTcUl_qCqg,UC56hW4JYdqULYBpeHw6veKg
803,UCjueYZd2xTnj2HTcUl_qCqg,UCyKm6ZcRrmh_9Go309bT_8A
804,UCjueYZd2xTnj2HTcUl_qCqg,UC8nkO7KKw0KeDFCOYhkXySQ
805,UCjueYZd2xTnj2HTcUl_qCqg,UCbXUEjBdbrn4BEbLSKJuSpw
806,UCjueYZd2xTnj2HTcUl_qCqg,UCT6iRPtBcmLrK2f0U1iDmjg
807,UCjueYZd2xTnj2HTcUl_qCqg,UCBJ2q5XYvPrLy1V1DitikHQ
808,UCjueYZd2xTnj2HTcUl_qCqg,UCMiu1L_ndnVSan-VwyEpvXg
809,UCjueYZd2xTnj2HTcUl_qCqg,UCk_uouuyGI9IXlAG3vMGYqA
810,UCjueYZd2xTnj2HTcUl_qCqg,UCNhplGFoeT_ylmw0MNP_LqA
811,UCjueYZd2xTnj2HTcUl_qCqg,UC328DHOkgbnz5w8ue9cEPcg
812,UCjueYZd2xTnj2HTcUl_qCqg,UCjAYGIJlZE6PneCSBQWiB_g
813,UCjueYZd2xTnj2HTcUl_qCqg,UCULHq9PDQSsj75HMEJUrS-g
814,UCjueYZd2xTnj2HTcUl_qCqg,UCw2lRr9C-KTpoNlYK-oH93g
815,UCjueYZd2xTnj2HTcUl_qCqg,UC2GuoutVyegg6PUK88lLpjw
816,UCjueYZd2xTnj2HTcUl_qCqg,UCf1mJyYBoa-YQ_7ya0jZrSA
817,UCjueYZd2xTnj2HTcUl_qCqg,UCCJlAOB0PI3rZQIbC9U9q8A
818,UCjueYZd2xTnj2HTcUl_qCqg,UCWcEgYIOqq1BVr4Qm1sPuVg
819,UC8SSnuaFWjn9TLoyYdfi7cA,UCplhkHsYKxXjTde1lq8F-4w
820,UC8SSnuaFWjn9TLoyYdfi7cA,UCFCtAX45lgHcf4s0vAgAxww
821,UC8SSnuaFWjn9TLoyYdfi7cA,UC0xTE0Ofe4A65ru3aFZ1nyg
822,UC8SSnuaFWjn9TLoyYdfi7cA,UC6sBGA0-ZWTG746AopMdaWg
823,UC8SSnuaFWjn9TLoyYdfi7cA,UCQJ17IwkU2JNvY-85MNHwwQ
824,UCE6uElbpAAzLCmqMxej9amw,UCh5s0XOhB4XcOLQK8uLpW2Q
825,UCJE6UuPVxxZXF-H2SWZUc0A,UCX1xppLvuj03ubLio8jslyA
826,UCzc83pp-rXpF9mOO8N8eETw,UCxi5Igx4fMrEtyte4KpMj7A
827,UCzc83pp-rXpF9mOO8N8eETw,UCuTAiStGQXkLh04NWPjXurQ
828,UCzc83pp-rXpF9mOO8N8eETw,UCdwXhJAcZi350MYAAwn3wlw
829,UCzc83pp-rXpF9mOO8N8eETw,UCaxV7Sf7pdNjlahl6BtJBBw
830,UCzc83pp-rXpF9mOO8N8eETw,UC-Zc6ybg_q6GCX7LZfOZKyA
831,UC-koqSjj72-ami3skstkcMA,UC5n5rBIJoUm9OAE0mXD0gRQ
832,UC-koqSjj72-ami3skstkcMA,UCb9h8EpBlGHv9Z896fu4yeQ
833,UC-koqSjj72-ami3skstkcMA,UC-m4I1Nyl99wz0tCLXFAW_A
834,UC-koqSjj72-ami3skstkcMA,UChkdtk9ru_HXMoOVGJDcrhw
835,UC-koqSjj72-ami3skstkcMA,UCRqzIxyN1vudBrgvqyoL9Pg
836,UC-koqSjj72-ami3skstkcMA,UCGsDW8g1koXoTC0Gq7tN2tg
837,UC-koqSjj72-ami3skstkcMA,UCFdBehO71GQaIom4WfVeGSw
838,UC-koqSjj72-ami3skstkcMA,UCyEr2HFwYJRTGnbMLNhyBHA
839,UC-koqSjj72-ami3skstkcMA,UCgk2DwpPTO5jSOdFWTXAJxg
840,UC-koqSjj72-ami3skstkcMA,UCoIaaxJHLY9LF9Edlu51WTw
841,UC-koqSjj72-ami3skstkcMA,UCN4hL3i-kcDD2i5MLZh5DZg
842,UC-koqSjj72-ami3skstkcMA,UCM3yhFc0-fBFuvqx1Vg2YNQ
843,UC-koqSjj72-ami3skstkcMA,UCZcKuEvcHJM2w6hPz9PvG8A
844,UC-koqSjj72-ami3skstkcMA,UCnEEa-IbWQ8_b-dqBgNNu4Q
845,UC-koqSjj72-ami3skstkcMA,UCyTL9rjn4Zz_M3wxZEk4mIg
846,UC-koqSjj72-ami3skstkcMA,UChC8dKLa05bFbBTPRCr7gdQ
847,UC-koqSjj72-ami3skstkcMA,UCoOQrl7KKW38R3Fj9Wb5s8g
848,UC-koqSjj72-ami3skstkcMA,UCh4nklmLAO4XwVG6YUyBo1Q
849,UC-koqSjj72-ami3skstkcMA,UC-2wnBgTMRwgwkAkHq4V2rg
850,UC-koqSjj72-ami3skstkcMA,UC2EPpDQJ5Uvu8xMS1FhPnmw
851,UC-koqSjj72-ami3skstkcMA,UC81DQ4VwZNhBnsnga-0Cf5g
852,UC-koqSjj72-ami3skstkcMA,UCRdB7oHiW0gT2wFLCt7qXUQ
853,UC-koqSjj72-ami3skstkcMA,UCAtOzlPjDMcEUcgfcZ3lQYA
854,UC-koqSjj72-ami3skstkcMA,UCyWbZ8xOLKiXWmqBt0d-ynA
855,UC-koqSjj72-ami3skstkcMA,UCBBOd2P8nWBwN3_1WT9rRIA
856,UC-koqSjj72-ami3skstkcMA,UCfn1n47GNuKLLrsHC3uOFkA
857,UC-koqSjj72-ami3skstkcMA,UCJhjE7wbdYAae1G25m0tHAA
858,UC-koqSjj72-ami3skstkcMA,UCgAlIfyvgJCbcpWzpVPqEaw
859,UC-koqSjj72-ami3skstkcMA,UC38lwjme7_74CBDav5a7htA
860,UC-koqSjj72-ami3skstkcMA,UCGky242knQo8imvW0Hz2GRQ
861,UC-koqSjj72-ami3skstkcMA,UCE-gnIeZKCi6MEk22xth0Ew
862,UC-koqSjj72-ami3skstkcMA,UCEpLEZODj8GoF1S_CPj3REg
863,UC-koqSjj72-ami3skstkcMA,UCJ98lzh2QJGp37QgWPUcwrQ
864,UC-koqSjj72-ami3skstkcMA,UCIlPmx6a-MeCg5dT8-a8Tyw
865,UC-koqSjj72-ami3skstkcMA,UCXjTiSGclQLVVU83GVrRM4w
866,UC-koqSjj72-ami3skstkcMA,UCK3Q2iHvmrRKKd4W3u4qn_g
867,UC-koqSjj72-ami3skstkcMA,UCYnPDrzTc_r7a3tk1PaDU2A
868,UC-koqSjj72-ami3skstkcMA,UCbwZM3GtfLToCFw3dzE2S6w
869,UC-koqSjj72-ami3skstkcMA,UC5l9qmpr3ym8BpyKCHio5kQ
870,UC-koqSjj72-ami3skstkcMA,UCWy5UcrxbfXg5IW47_ntAXQ
871,UC-koqSjj72-ami3skstkcMA,UCmlGHAWnfZoQUkcivqcbNaA
872,UC-koqSjj72-ami3skstkcMA,UCfGn3TViinzP9JI6vhYSK4Q
873,UC-koqSjj72-ami3skstkcMA,UC3zvpj9UofluXwD33vAkTDw
874,UCReQsON_5yTN2OafhBbOWBg,UC-grD2cKEDGF1MxSF0tDS3g
875,UCReQsON_5yTN2OafhBbOWBg,UCOFlFo_DLPnqnQoRH6z7iOQ
876,UC7kN3QaumX0dsI6aaTEeWxA,UCH61VpwvpBYKT5BpGNbMUQw
877,UC7kN3QaumX0dsI6aaTEeWxA,UCvh3-qJIN4jHWSbJueikTOA
878,UC99LAOERgFnc-TAnt2JjkKA,UCiyhrmojcMoQRtZGO8aH-FA
879,UCokAkFtGlvZlY7tyPI4eQoQ,UCGsDW8g1koXoTC0Gq7tN2tg
880,UCqs4i3ZzN-NXuKn2L8_m5VQ,UCeVzbnHFwC6cSPUXQbp86WA
881,UCqs4i3ZzN-NXuKn2L8_m5VQ,UCKSSZYcoRHkrF6lkarKYZvg
882,UCqs4i3ZzN-NXuKn2L8_m5VQ,UCGsDW8g1koXoTC0Gq7tN2tg
883,UCqs4i3ZzN-NXuKn2L8_m5VQ,UCHh3WDnrFqQqJI3IamypY-w
884,UCqs4i3ZzN-NXuKn2L8_m5VQ,UCxLmocJ1Fl5BAN8PI--cfiQ
885,UCqs4i3ZzN-NXuKn2L8_m5VQ,UCt_Xrjh_LBzZ4dGOhF6N13w
886,UCMK7ilz_BK9MiwKCBFnQ25w,UCkIP7_5lfq4H1gwi7WCIGvg
887,UCMAHVVwMNpYk3S2alJpBIPA,UCcUs-I8au4Rehe-xTyo_EUA
888,UCMAHVVwMNpYk3S2alJpBIPA,UC8mp5Lz8gvctAxq0-b_UhIg
889,UCMAHVVwMNpYk3S2alJpBIPA,UCz2HJColdSmAJU7dlqhSD8g
890,UCMAHVVwMNpYk3S2alJpBIPA,UCKudwfXQgNM7Gkjv95qRI9w
891,UCMAHVVwMNpYk3S2alJpBIPA,UCLiQ--EXgzUV03q5jKQYWcw
892,UCMAHVVwMNpYk3S2alJpBIPA,UChn5TjkeEqd-JxzizMVSkOw
893,UCMAHVVwMNpYk3S2alJpBIPA,UCd9BXPj-KcMTh0HiB-Vlb8A
894,UCMAHVVwMNpYk3S2alJpBIPA,UCWzenZSy9GJBcPzdSm-UX5w
895,UCMAHVVwMNpYk3S2alJpBIPA,UCdMGYXL38w6htx6Yf9YJa-w
896,UCMAHVVwMNpYk3S2alJpBIPA,UCZf__ehlCEBPop-_sldpBUQ
897,UCMAHVVwMNpYk3S2alJpBIPA,UC18QpD-m44JvPUgp_hsWEKA
898,UCMAHVVwMNpYk3S2alJpBIPA,UCmf7Dx0R4JpsS1XZH45SLnQ
899,UCMAHVVwMNpYk3S2alJpBIPA,UCcVi1jGmeVdjGQVtW6y2dPA
900,UCMAHVVwMNpYk3S2alJpBIPA,UCoJmAT5O8aFdV0z76Gl883Q
901,UCMAHVVwMNpYk3S2alJpBIPA,UCiC9V-H7PCw4Usnm5T_BN7g
902,UCMAHVVwMNpYk3S2alJpBIPA,UCgMPP6RRjktV7krOfyUewqw
903,UCMAHVVwMNpYk3S2alJpBIPA,UChLUXiKn6qM6q9H5Zt2YhAA
904,UCMAHVVwMNpYk3S2alJpBIPA,UCglQWY_cZKJI4m3CxjNrUxg
905,UCMAHVVwMNpYk3S2alJpBIPA,UCfOqPTGMJ5yFWBhdQENnD9w
906,UCMAHVVwMNpYk3S2alJpBIPA,UCDOD89CZCNdJZPPM1hudUPQ
907,UCMAHVVwMNpYk3S2alJpBIPA,UCP1PN9Um8z8Li-20Yauqa6A
908,UCMAHVVwMNpYk3S2alJpBIPA,UCyFN8ul17Ov5oDr_lsjZODg
909,UCMumeHDVTO_ieByKaNbMVZw,UC8n-uqDBD6YEFTHK7wMPItQ
910,UCMumeHDVTO_ieByKaNbMVZw,UC77nvAu880LD3nNtpagkEzg
911,UCMumeHDVTO_ieByKaNbMVZw,UCcZZF7-qRsl9QzbDinWBH8Q
912,UCMumeHDVTO_ieByKaNbMVZw,UCAZraLIZ5CPWz7c5f-cWRoQ
