Source;Target;Weight
パズドラ;小一時間;2
パズドラ;実況;2
パズドラ;作ってみた;2
Programming;パズドラ;2
パズドラ;プログラミング;2
Match;パズドラ;2
Match;小一時間;2
Match;実況;2
Match;作ってみた;2
Match;Programming;2
Match;プログラミング;2
Match;Three;2
Three;パズドラ;2
Three;小一時間;2
Three;実況;2
Three;作ってみた;2
Programming;Three;2
Three;プログラミング;2
プログラミング;実話;2
プログラミング;結果;2
゙き;初心者;2
アルバイト;大学生;2
アルバイト;プログラミング;2
堀江貴文;社長;2
マコ;堀江貴文;2
社長;超絶;2
マコ;超絶;2
ひろゆき;プログラム;2
プログラミング;プログラム;2
ノーコード;プログラミング;2
プログラミング;全て;2
ハッカー;プログラミング;2
後回し;必見;2
初心者;後回し;2
゙とは;メリット;2
゙とは;ラミンク;2
゙とは;ロク;2
学習;重要;2
プログラミング;学校;3
勉強;学校;2
プログラミング;授業;2
プログラミング;株価;2
kotlin;入門;2
kotlin;プログラミング;2
スクール;リアル;2
プログラミング;相談;3
メモ帳;作ってみた;2
ゲーム;メモ帳;2
プログラミング;メモ帳;2
Part1;プログラミング;2
Python;概要;2
プログラミング;時代;2
゙には;スクール;2
゙には;ラミンク;2
゙には;ロク;2
プログラミング;案件;2
予備;講座;2
プログラミング;予備;4
ソコン;ラミンク;2
ソコン;ロク;2
ドクター;プログラミング;2
エンジニア;高学歴;2
勉強;高学歴;2
プログラミング;高学歴;2
凌駕;高学歴;2
エンジニア;凌駕;2
凌駕;勉強;2
プログラミング;凌駕;2
低学歴;凌駕;2
低学歴;高学歴;2
エンジニア;低学歴;2
低学歴;勉強;2
プログラミング;低学歴;2
作り方;解説;2
作り方;入門;2
大学時代;大学生;2
勉強;大学時代;2
プログラミング;大学時代;2
他人;大学時代;2
他人;大学生;2
他人;勉強;2
プログラミング;他人;2
YouTube;編集;2
作業;編集;2
動画;編集;2
プログラミング;編集;2
専門用語;選び方;2
完全;専門用語;2
向け;専門用語;2
プログラミング言語;専門用語;2
初心者;専門用語;2
文字;講座;2
向け;文字;2
入門;文字;2
初心者;文字;2
プログラミング;文字;2
文字;書き起こし;2
書き起こし;講座;2
向け;書き起こし;2
入門;書き起こし;2
初心者;書き起こし;2
プログラミング;書き起こし;2
ソースコード;書き起こし;2
ソースコード;文字;2
ソースコード;講座;2
ソースコード;向け;2
ソースコード;入門;2
ソースコード;初心者;2
ソースコード;プログラミング;2
vs;スペック;2
Windows;スペック;2
スペック;パソコン;2
Mac;スペック;2
おすすめ;スペック;2
スペック;初心者;2
スペック;プログラミング;2
入門;最新;2
初心者;最新;2
Ruby;最新;2
プログラミング;最新;4
プログラミング言語;注目;2
モダン;技術;2
モダン;会社;2
モダン;理由;2
スクール;モダン;2
プログラミング;モダン;2
Webサイト;アプリ開発;2
Webサイト;制作;2
Mac;Webサイト;2
Webサイト;プログラミング;2
Script;業務効率化;2
GAS;業務効率化;2
リファレンス;作業;2
ExcelPro;VBA;2
ExcelPro;マクロ;3
C#;解説;2
C#;プログラミング言語;2
C#;初心者;2
C#;プログラミング;2
MQL;プログラミング;2
プログラミング;ライブ;2
教育;自由研究;2
プログラミング;自由研究;2
プログラミング;写経;2
写経;学習;2
ロードマップ;学習;2
プログラミング;ロードマップ;2
エラー;プログラミング;2
LAVIE;PC;2
LAVIE;学習;2
LAVIE;プログラミング;2
構築;準備;2
コース;準備;2
準備;環境;2
向け;準備;2
Python;準備;2
入門;準備;4
初心者;準備;2
プログラミング;準備;4
副業;動画編集;2
プログラミング;動画編集;2
Ruby;質問;2
プログラミング;質問;3
テック;大手;2
スクール;大手;2
プログラミング;大手;2
CAMP;エキスパート;2
TECH;エキスパート;2
エキスパート;テック;2
エキスパート;テックキャンプ;2
エキスパート;スクール;2
エキスパート;プログラミング;2
CAMP;テスト;2
TECH;テスト;2
テスト;テック;2
テスト;テックキャンプ;2
スクール;テスト;2
テスト;プログラミング;2
初心者;難易度;2
コロナ;プログラミング;2
コロナ;大会;2
新規;検証;2
プログラミング;新規;2
システムトレード;トレード;2
システムトレード;プログラミング;2
プログラミング;マスター;2
クラス;実践;2
クラス;予想;2
AI;クラス;2
クラス;プログラミング;2
クラス;継承;2
実践;継承;2
予想;継承;2
AI;継承;2
プログラミング;継承;2
競馬;継承;2
クラス;競馬;2
実践;競馬;2
予想;競馬;2
AI;競馬;2
プログラミング;競馬;2
withU;ドラえもん;4
withU;プログラミング;2
プログラミング;メイク;2
メイク;ロックマン;4
BGM;プログラミング;2
BGM;ロックマン;3
キャラクター;プログラミング;2
キャラクター;ロックマン;3
Rust;特徴;2
Rust;解説;2
Rust;プログラミング言語;2
Rust;初心者;2
Rust;プログラミング;2
TELLO;プログラミング;3
プログラミング;手順;2
フロントエンド;プログラミング;2
sponsored;理由;2
sponsored;プログラミング;2
sponsored;株式会社;2
株式会社;理由;2
プログラミング;株式会社;2
プログラミング;体験談;2
プログラミング;人生;2
Dragon;小一時間;2
Dragon;実況;2
Dragon;作ってみた;2
Dragon;Programming;2
Dragon;プログラミング;2
TextAlive;プログラミング;2
コンテスト;プログラミング;2
スキル;プログラミング;2
HTML;VR;2
VR;入門;2
VR;プログラミング;2
プログラミング;ポートフォリオ;2
プログラミング;切り抜き;2
プログラミング;様子;2
プログラミング;操作;2
プログラミング;基準;2
変数;講座;2
プログラミング;変数;2
プログラミング;体験;3
else;プログラミング;2
VSCode;オススメ;2
VSCode;エンジニア;2
VSCode;初心者;2
VSCode;プログラミング;2
学科;現役;2
プログラミング;学科;2
ジャンプ;プログラミング;2
Minecraft;プログラミング;2
アカデミー;テック;2
アカデミー;スクール;2
アカデミー;プログラミング;2
パイソン;初級;2
ゲームプログラミング;初級;2
初級;基礎;2
Python;初級;4
入門;初級;2
初心者;初級;2
Game;初級;2
Game;パイソン;2
Game;ゲームプログラミング;2
Game;基礎;2
Game;Python;4
Game;入門;2
Game;初心者;2
Game;アニメーション;2
アニメーション;初級;2
アニメーション;パイソン;2
アニメーション;ゲームプログラミング;2
アニメーション;基礎;2
Python;アニメーション;4
アニメーション;入門;2
アニメーション;初心者;2
pyxel;アニメーション;2
Game;pyxel;2
pyxel;初級;2
pyxel;パイソン;2
pyxel;ゲームプログラミング;2
pyxel;基礎;2
Python;pyxel;4
pyxel;入門;2
pyxel;初心者;2
プログラミング;一日;2
SUNABACO;スクール;2
SUNABACO;プログラミング;2
インタビュー;プログラミング;2
C言語;開発;2
C言語;環境;2
C言語;講座;2
C言語;勉強;2
C言語;プログラミング;2
メイン;ループ;2
メイン;本気;2
プログラマー;メイン;2
メイン;講座;2
プログラミング;メイン;2
hour;マイクラ;2
hour;マインクラフト;2
hour;無料;2
hour;ゲーム;2
hour;学習;2
hour;プログラミング;2
Python;不倫;2
プログラミング;不倫;2
プログラミング;底辺;2
底辺;脱出;2
プログラミング;脱出;2
プログラミング;道場;2
サイト;プログラミング;2
プロパティ;マクロ;2
Python;数独;2
ロク;数独;2
プログラミング;数独;2
勉強;接客業;2
学習;接客業;2
プログラミング;接客業;2
しながら;接客業;2
しながら;勉強;2
しながら;学習;2
しながら;プログラミング;2
しながら;社会人;2
接客業;社会人;2
勉強;社会人;2
学習;社会人;2
プログラミング;社会人;2
コード;条件;2
プログラミング;条件;2
分岐;条件;2
コード;分岐;2
プログラミング;分岐;2
swift;分岐;2
swift;条件;2
swift;コード;2
swift;プログラミング;2
プログラミング;ルーティン;2
ウィズ;鼓動;2
MV;鼓動;2
プログラミング;鼓動;2
アート;ウィズ;2
MV;アート;2
アート;プログラミング;2
Programming;React;2
React;プログラミング;2
Clojure;React;2
Clojure;Programming;2
Clojure;プログラミング;2
Clojure;script;2
React;script;2
Programming;script;2
script;プログラミング;2
GitHub;script;2
Clojure;GitHub;2
GitHub;React;2
GitHub;Programming;2
GitHub;プログラミング;2
GitHub;Pages;2
Pages;script;2
Clojure;Pages;2
Pages;React;2
Pages;Programming;2
Pages;プログラミング;2
Pages;静的;2
GitHub;静的;2
script;静的;2
Clojure;静的;2
React;静的;2
Programming;静的;2
プログラミング;静的;2
コメントビューア;プログラミング;2
パズル;プログラミング;2
プログラミング言語;人気;3
プログラミング;成長;4
アプリ;天才;2
プログラミング;天才;3
IT;業界;3
Web;業界;2
プログラミング;業界;2
プロ;プログラミング;2
VBA;入門;3
VBA;初心者;3
VBA;プログラミング;3
VBA;マクロ;2
ラミンク;学ふ;3
ロク;学ふ;3
プログラミング;教材;3
CAMP;就活;2
CAMP;テック;2
CAMP;TECH;3
CAMP;テックキャンプ;3
CAMP;スクール;3
CAMP;プログラミング;3
iPad;おすすめ;2
Python;iPad;2
iPad;学習;2
iPad;プログラミング;3
プログラミング;ループ;3
ループ;本気;2
プログラマー;ループ;2
ループ;講座;2
プログラミング;圧倒的;3
プログラミング;便利;3
便利;活用;2
プログラミング;活用;3
ドットインストール;プログラミング;3
ドットインストール;最速;2
ドットインストール;効率;2
ドットインストール;無料;2
トレード;投資;2
投資;理由;2
投資;解説;2
Python;投資;3
入門;投資;3
プログラミング;投資;3
会社;技術;2
技術;理由;2
スクール;技術;2
プログラミング;技術;3
アプリ開発;制作;2
Mac;アプリ開発;2
アプリ開発;プログラミング;3
効率;最速;2
最速;無料;2
プログラミング;最速;4
Makeblock;ロボット;3
Makeblock;プログラミング;3
mBot;ロボット;3
mBot;プログラミング;5
Google;Script;2
GAS;Google;2
Google;プログラミング言語;2
Google;入門;3
マクロ;入門;3
マクロ;初心者;3
プログラミング;マクロ;3
マクロ;基礎;2
問題;言語;3
ラミンク;問題;2
ロク;問題;2
初心者;問題;2
プログラミング;徹底;2
プログラミング;原因;3
スクール;卒業生;2
フォロ;プログラミング;3
ロボット;知育;2
プログラミング;知育;3
AI;予想;2
プログラミング;予想;3
予想;実践;2
AI;実践;2
プログラミング;実践;3
優秀;講師;2
スクール;優秀;2
ラミンク;優秀;2
ロク;優秀;2
アフ;開発;3
Java;アフ;2
アフ;言語;2
アフ;向け;2
アフ;ラミンク;2
アフ;ロク;2
アフ;初心者;2
Swift;アフ;2
Swift;開発;2
Java;Swift;2
Swift;言語;2
Swift;向け;2
Swift;ラミンク;2
Swift;ロク;2
Swift;初心者;2
子ども;教育;2
プログラミング;子ども;4
プログラミング;小学校;3
プログラミング;使い方;3
プログラミング;失敗;2
イチゴジャム;プログラミング;3
ゲームプログラミング;パイソン;2
パイソン;基礎;2
Python;パイソン;4
パイソン;入門;2
パイソン;初心者;2
GAS;ライブ配信;3
ライブ配信;働き方改革;3
GAS;働き方改革;3
GoogleApps;Script;3
GAS;GoogleApps;3
GoogleApps;プログラミング言語;2
GoogleApps;入門;2
全国;大会;6
全国;小学生;3
プログラミング;全国;3
全国;選抜;3
大会;選抜;6
小学生;選抜;3
プログラミング;選抜;3
東京都;選抜;3
全国;東京都;3
大会;東京都;6
小学生;東京都;3
プログラミング;東京都;3
MV;ウィズ;3
ウィズ;プログラミング;3
プログラミング;配信;3
Ruby;配信;2
勉強;配信;2
初心者;配信;2
CSS;HTML;3
CSS;初心者;3
CSS;プログラミング;3
実況;小一時間;4
作ってみた;小一時間;4
Programming;小一時間;4
プログラミング;小一時間;4
プログラミング;文系;4
文系;未経験;2
エンシ;現役;2
エンシ;ラミンク;3
エンシ;ロク;3
エンシ;ニア;4
ニア;現役;2
ニア;ラミンク;3
ニア;ロク;3
カンタン;プログラミング;3
TECH;転職;2
TECH;テック;2
TECH;就活;3
TECH;テックキャンプ;3
TECH;プログラミング;3
TECH;スクール;4
スクール;フリーランス;2
フリーランス;プログラミング;5
プログラミング;自動;3
YouTube;プログラミング;4
YouTube;作業;2
YouTube;動画;2
PC;学習;2
PC;プログラミング;4
Windows;vs;2
vs;パソコン;2
Mac;vs;2
vs;おすすめ;2
vs;初心者;2
vs;プログラミング;4
プログラミング;知識;4
Java;最初;2
Ruby;最初;2
Python;最初;2
プログラミング言語;最初;3
GAS;Script;4
Script;プログラミング言語;3
Script;入門;3
コース;構築;2
向け;構築;2
構築;環境;4
入門;構築;4
プログラミング;構築;5
Viscuit;シューティングゲーム;2
Python;シューティングゲーム;2
シューティングゲーム;プログラミング;3
プログラミング;講師;2
スクール;講師;2
ラミンク;講師;3
ロク;講師;3
ロックマン;ロックマン;3
プログラミング;ロックマン;4
ゲームプログラミング;基礎;2
ゲームプログラミング;初心者;2
ゲームプログラミング;入門;3
Python;ゲームプログラミング;4
Viscuit;プログラミング;4
Viscuit;ビスケット;4
ビスケット;プログラミング;4
シューティングゲーム;ビスケット;2
プログラミング;マイクラ;4
マイクラ;マインクラフト;2
マイクラ;無料;2
ゲーム;マイクラ;2
マイクラ;学習;2
C++;特徴;4
C++;解説;4
C++;プログラミング言語;4
C++;初心者;4
C++;プログラミング;4
C++;C++;2
クリスマス;プログラミング;4
MV;プログラミング;4
Mac;アプリ;2
アプリ;プログラミング;6
Web;プログラミング;3
IT;Web;2
IT;エンジニア;2
IT;スクール;2
IT;プログラミング;4
Progate;未経験;2
Progate;学習;2
Progate;プログラミング;4
プログラミング;習得;8
初心者;習得;2
プログラミング;マコ;3
スクール;社長;2
プログラミング;社長;3
マコ;社長;4
プログラミング;基礎;4
入門;基礎;4
Python;基礎;4
おすすめ;就活;2
テックキャンプ;就活;2
就活;未経験;3
エンジニア;就活;3
就活;転職;4
プログラミング;就活;4
スクール;就活;5
メリット;ラミンク;3
メリット;ロク;3
プログラミング;メリット;3
ホリエモン;基本;2
プログラミング;ホリエモン;8
ドラえもん;プログラミング;4
ドラえもん;ドラえもん;2
コード;プログラミング;3
作業;動画;2
プログラミング;作業;3
PHP;入門;2
PHP;講座;3
PHP;プログラミング;5
トレード;理由;2
トレード;解説;3
Python;トレード;2
トレード;入門;2
トレード;プログラミング;5
Mac;制作;2
Web;制作;2
プログラミング;制作;4
AI;プログラミング;6
ロボット;教室;2
ロボット;教育;3
プログラミング;ロボット;5
テック;テックキャンプ;2
スクール;テック;4
テック;プログラミング;5
プログラミング;マインクラフト;5
マインクラフト;無料;2
ゲーム;マインクラフト;2
マインクラフト;学習;2
ラミンク;勉強法;2
ロク;勉強法;2
初心者;勉強法;2
効率;勉強法;2
勉強法;学習;3
プログラミング;勉強法;5
プログラミング言語;特徴;4
初心者;特徴;4
特徴;解説;4
プログラミング;特徴;4
HTML;簡単;2
HTML;Mac;2
HTML;入門;2
HTML;初心者;3
HTML;プログラミング;6
ゲーム;作ってみた;2
Programming;作ってみた;4
プログラミング;作ってみた;6
作ってみた;実況;4
Programming;実況;4
プログラミング;実況;6
初心者;絶対;2
スクール;絶対;3
プログラミング;絶対;6
コース;環境;2
Python;コース;4
コース;プログラミング;7
初心者;挫折;2
学習;挫折;3
プログラミング;挫折;6
プログラミング;仕事;5
仕事;学習;2
学習;必要;2
プログラミング;必要;4
テックキャンプ;プログラミングスクール;2
スクール;テックキャンプ;3
テックキャンプ;プログラミング;4
プログラミング;教室;6
教室;紹介;2
小学生;教室;2
向け;教室;2
プログラマー;本気;3
本気;講座;4
プログラミング;本気;5
プログラミング;初学;5
初学;必見;4
初学;独学;2
学習;選び方;2
完全;選び方;2
向け;選び方;2
プログラミング言語;選び方;2
パソコン;選び方;3
プログラミング;選び方;4
初心者;選び方;4
Java;開発;2
言語;開発;2
向け;開発;2
プログラミング;開発;2
ラミンク;開発;3
ロク;開発;3
初心者;開発;4
Akichon;JavaScript;5
Akichon;講座;7
Akichon;プログラミング;8
プログラミング;会社;5
会社;理由;2
スクール;会社;2
Python;基本;2
Scratch;基本;2
Mac;基本;2
入門;基本;3
プログラミング;基本;10
ひろゆき;スクール;2
ひろゆき;勉強;2
ひろゆき;プログラミング;9
初心者;大学生;2
勉強;大学生;2
プログラミング;大学生;7
おすすめ;紹介;2
パソコン;紹介;2
プログラミング;紹介;7
向け;完全;2
学習;完全;2
入門;完全;2
プログラミング言語;完全;3
勉強;完全;3
初心者;完全;4
プログラミング;完全;5
効率;無料;2
効率;必見;2
効率;未経験;2
効率;学習;3
プログラミング;効率;6
Java;Ruby;2
Java;Python;2
Java;プログラミング言語;2
Java;未経験;2
Java;エンジニア;2
Java;勉強;2
Java;言語;2
Java;ラミンク;2
Java;ロク;2
Java;初心者;3
Java;プログラミング;3
Java;向け;3
GAS;プログラミング言語;3
GAS;入門;3
プログラミング;大会;7
大会;小学生;6
大会;大会;3
オススメ;ラミンク;2
オススメ;ロク;2
オススメ;パソコン;2
エンジニア;オススメ;2
オススメ;初心者;5
オススメ;プログラミング;5
Programming;プログラミング;8
理由;解説;2
Python;理由;2
入門;理由;2
スクール;理由;3
プログラミング;理由;8
プログラマー;検証;2
プログラマー;現役;2
プログラマー;プログラミング言語;2
プログラマー;講座;3
プログラマー;未経験;4
プログラマー;プログラミング;6
JavaScript;入門;2
JavaScript;初心者;2
JavaScript;講座;6
JavaScript;プログラミング;6
世界;勉強;3
プログラミング;世界;8
プログラミング;動画;7
動画;学習;2
Windows;パソコン;2
Mac;Windows;2
Windows;おすすめ;2
Windows;入門;2
Windows;初心者;3
Windows;プログラミング;7
Python;Ruby;2
Ruby;講座;2
Ruby;向け;2
Ruby;勉強;2
Ruby;プログラミング言語;3
Ruby;入門;3
Ruby;初心者;4
Ruby;プログラミング;7
スクラッチ;簡単;2
スクラッチ;解説;2
スクラッチ;初心者;2
Scratch;スクラッチ;5
スクラッチ;プログラミング;9
検証;現役;2
未経験;検証;2
プログラミング言語;検証;2
プログラミング;検証;7
向け;環境;2
入門;環境;6
プログラミング;環境;10
プログラミング;小学生;9
ゲーム;小学生;2
初心者;簡単;2
Mac;簡単;2
簡単;解説;2
入門;簡単;2
プログラミング;簡単;11
Scratch;ゲーム;2
Scratch;Scratch;2
Scratch;入門;4
Scratch;プログラミング;9
ゲーム;無料;2
スクール;無料;3
学習;無料;4
プログラミング;無料;9
プログラミング;教育;11
Mac;パソコン;2
おすすめ;パソコン;3
パソコン;学習;3
パソコン;初心者;6
パソコン;プログラミング;13
ラミンク;現役;2
ロク;現役;2
未経験;現役;2
独学;現役;2
現役;解説;2
学習;現役;2
プログラミング言語;現役;3
エンジニア;現役;7
プログラミング;現役;7
ラミンク;転職;2
ロク;転職;2
おすすめ;転職;3
勉強;転職;3
エンジニア;転職;6
未経験;転職;7
スクール;転職;7
プログラミング;転職;10
勉強;必見;2
エンジニア;必見;2
必見;独学;2
ラミンク;必見;3
ロク;必見;3
初心者;必見;8
プログラミング;必見;10
Mac;未経験;2
Mac;Mac;2
Mac;Python;2
Mac;入門;2
Mac;おすすめ;4
Mac;初心者;6
Mac;プログラミング;16
学習;独学;2
エンジニア;独学;3
初心者;独学;5
プログラミング;独学;16
初心者;副業;2
ラミンク;副業;2
ロク;副業;3
プログラミング;副業;12
ゲーム;初心者;2
ゲーム;学習;2
ゲーム;入門;3
ゲーム;プログラミング;13
エンジニア;解説;3
Python;解説;3
プログラミング言語;解説;4
入門;解説;5
初心者;解説;7
プログラミング;解説;17
向け;言語;2
入門;言語;2
勉強;言語;3
おすすめ;言語;3
プログラミング言語;言語;3
初心者;言語;10
ラミンク;言語;12
ロク;言語;12
おすすめ;未経験;2
おすすめ;エンジニア;2
おすすめ;学習;2
おすすめ;向け;3
Python;おすすめ;3
おすすめ;ラミンク;3
おすすめ;ロク;4
おすすめ;プログラミング言語;5
おすすめ;スクール;5
おすすめ;初心者;11
おすすめ;プログラミング;14
向け;未経験;2
初心者;未経験;3
ラミンク;未経験;3
ロク;未経験;3
プログラミング言語;未経験;3
スクール;未経験;5
勉強;未経験;6
エンジニア;未経験;7
プログラミング;未経験;20
エンジニア;講座;2
勉強;講座;2
初心者;講座;7
プログラミング;講座;27
ラミンク;向け;3
ロク;向け;3
プログラミング言語;向け;5
初心者;向け;22
プログラミング;向け;24
エンジニア;ロク;2
エンジニア;学習;2
エンジニア;スクール;5
エンジニア;勉強;8
エンジニア;プログラミング;23
Python;ロク;2
Python;学習;3
Python;プログラミング言語;3
Python;プログラミング;23
プログラミング言語;入門;3
プログラミング;プログラミング言語;6
プログラミング言語;初心者;11
ラミンク;勉強;2
勉強;勉強;2
ロク;勉強;3
勉強;学習;3
初心者;勉強;11
プログラミング;勉強;38
スクール;ラミンク;10
スクール;ロク;10
スクール;プログラミング;31
学習;学習;2
初心者;学習;4
ラミンク;学習;4
ロク;学習;4
プログラミング;学習;44
入門;初心者;23
プログラミング;入門;44
プログラミング;ラミンク;3
ラミンク;初心者;13
ラミンク;ロク;55
プログラミング;ロク;6
ロク;初心者;13
プログラミング;初心者;70
プログラミング;プログラミング;31
