Id,Label
Pyhton×AI,Pyhton×AI
分散,分散
異常,異常
ソリューション,ソリューション
study,study
Summit,Summit
キックオフ,キックオフ
paiza,paiza
プロ野球,プロ野球
RAP,RAP
小学生,小学生
特徴,特徴
scikit,scikit
開発,開発
ハゲ,ハゲ
英会話,英会話
問題,問題
API,API
大学,大学
AWS,AWS
経営学部,経営学部
SQL,SQL
衛星,衛星
物体,物体
データ,データ
会社員,会社員
モデル,モデル
時代,時代
重要,重要
歩行者,歩行者
知識,知識
専攻,専攻
機能,機能
NYDow,NYDow
研究会,研究会
機械学習,機械学習
Console,Console
過去,過去
Deeplearning,Deeplearning
無料,無料
情報,情報
分類,分類
サポートベクトルマシン,サポートベクトルマシン
自動,自動
io,io
AI,AI
Pandas,Pandas
数学,数学
ロジスティック回帰,ロジスティック回帰
完全,完全
線形回帰,線形回帰
概論,概論
回帰,回帰
ロボット,ロボット
オススメ,オススメ
分析,分析
LabVIEW,LabVIEW
徹底,徹底
アプリケーション,アプリケーション
入門,入門
偏差値,偏差値
著者,著者
learn,learn
python,python
Object,Object
ランダムフォレスト,ランダムフォレスト
理論,理論
ver,ver
Machine,Machine
Python,Python
進化,進化
ツール,ツール
ータ,ータ
利用,利用
支援,支援
対応,対応
行列,行列
リアルタイム,リアルタイム
週刊,週刊
IT,IT
コース,コース
研究,研究
平均,平均
成績,成績
教師,教師
仕事,仕事
SPSS,SPSS
S3,S3
株式会社,株式会社
Scratch,Scratch
WEB,WEB
圧倒的,圧倒的
ID,ID
勾配,勾配
推定,推定
横浜,横浜
基本,基本
登場,登場
プログラミング,プログラミング
基礎,基礎
ケノシン,ケノシン
実現,実現
処理,処理
体験,体験
初め,初め
環境,環境
教師あり学習,教師あり学習
LIVE,LIVE
計算,計算
声優,声優
ゼロ,ゼロ
応用,応用
中学受験,中学受験
学科,学科
選択,選択
ラミンク,ラミンク
Platform,Platform
統計学,統計学
効率的,効率的
パターン,パターン
競馬,競馬
準備,準備
マンション,マンション
英語学習,英語学習
サービス,サービス
データサイエンティスト,データサイエンティスト
材料,材料
最近傍法,最近傍法
予測,予測
Update,Update
Azure,Azure
手法,手法
活用,活用
加工,加工
設定,設定
認識,認識
DL,DL
使い方,使い方
テキスト,テキスト
SNS,SNS
先進,先進
DataRobot,DataRobot
勉強会,勉強会
後編,後編
不要,不要
量子コンピュータ,量子コンピュータ
グリッド,グリッド
作ってみた,作ってみた
簡単,簡単
-2,-2
初級,初級
VR,VR
異常検知,異常検知
ハイパーパラメータ,ハイパーパラメータ
向け,向け
インストール,インストール
仕組み,仕組み
ステ,ステ
gacco,gacco
データセット,データセット
PV,PV
トレンド,トレンド
導入,導入
分野,分野
デモ,デモ
判別,判別
スクレイピング,スクレイピング
成功事例,成功事例
アルゴリズム,アルゴリズム
Amazon,Amazon
Sect,Sect
スクール,スクール
TensorFlow,TensorFlow
ベクトル,ベクトル
Google,Google
重回帰分析,重回帰分析
最尤法,最尤法
自動化,自動化
前編,前編
動画,動画
Learning,Learning
講演,講演
決定木,決定木
RapidMiner,RapidMiner
データ分析,データ分析
学部,学部
ロシア,ロシア
ソフトウェア,ソフトウェア
製品,製品
高速,高速
GUI,GUI
顧客,顧客
AutoML,AutoML
自前,自前
D2,D2
応答,応答
目的,目的
量子,量子
急上昇,急上昇
高校生,高校生
IBM,IBM
マーケティング,マーケティング
Data,Data
ベイズ,ベイズ
便利,便利
石井,石井
プログラマー,プログラマー
Unity,Unity
アプリ,アプリ
識別,識別
講座,講座
Developers,Developers
システム,システム
手軽,手軽
初歩,初歩
日本,日本
SONY,SONY
画質,画質
まとめ,まとめ
完成,完成
課題解決,課題解決
Excel,Excel
独学,独学
講師,講師
理解,理解
統計,統計
実践,実践
推論,推論
パターン認識,パターン認識
作成,作成
検定,検定
ひとくち,ひとくち
アプリ・スピークバディ,アプリ・スピークバディ
回収,回収
エンジニア,エンジニア
上坂すみれ,上坂すみれ
人間,人間
削減,削減
ロク,ロク
ゼーロ,ゼーロ
次元,次元
画像,画像
運用,運用
テクニック,テクニック
自然言語処理,自然言語処理
サンプル,サンプル
代表,代表
センサー,センサー
選び方,選び方
必要,必要
NEC,NEC
線形,線形
交差,交差
アーティスト,アーティスト
評価,評価
OnAir,OnAir
k-m,k-m
確率,確率
MT,MT
深層学習,深層学習
クラウド,クラウド
収集,収集
教師なし学習,教師なし学習
ヒーロー,ヒーロー
基盤,基盤
vs,vs
Team,Team
概要,概要
美少女,美少女
サポートベクターマシン,サポートベクターマシン
シリーズ,シリーズ
就職,就職
Agents,Agents
機械,機械
Web,Web
re:,re:
一問一答,一問一答
未踏,未踏
Modeler,Modeler
馬連,馬連
手順,手順
検討,検討
クラス,クラス
ひろゆき,ひろゆき
Windows,Windows
プログラム,プログラム
ML,ML
ビジネス,ビジネス
体感,体感
ラーニング,ラーニング
保存,保存
スパース,スパース
勉強,勉強
初心者,初心者
CV,CV
サポートベクターマシーン,サポートベクターマシーン
知能,知能
紹介,紹介
公平性,公平性
人工知能,人工知能
eans,eans
OpenCV,OpenCV
データサイエンス,データサイエンス
研究室,研究室
実装,実装
現役,現役
ハッカー,ハッカー
IoT,IoT
パソコン,パソコン
倍率,倍率
ライブラリ,ライブラリ
クラスタリング,クラスタリング
未来,未来
人工,人工
Tensorflow,Tensorflow
Cloud,Cloud
キット,キット
過学習,過学習
解説,解説
コラボレーション,コラボレーション
IO,IO
GPU,GPU
パワハラ,パワハラ
スマートエスイー,スマートエスイー
最適化,最適化
Ai,Ai
事例,事例
SVM,SVM
ディープラーニング,ディープラーニング
トレーニング,トレーニング
判定,判定
精度,精度
強化学習,強化学習
大規模,大規模
意外,意外
テクノロジー,テクノロジー
関数,関数
シミュレーション,シミュレーション
偏微分,偏微分
CM,CM
-4,-4
主成分分析,主成分分析
確認,確認
工学,工学
視線,視線
学習,学習
チャットボット,チャットボット
CausalML,CausalML
Ver,Ver
情報科学,情報科学
Keras,Keras
現場,現場
制御,制御
プロセス,プロセス
Colaboratory,Colaboratory
ニューラルネットワーク,ニューラルネットワーク
演習,演習
ノート,ノート
かんたん,かんたん
予想,予想
講義,講義
検出,検出
vol,vol
Part,Part
因果,因果
検証,検証
TM,TM
Neural,Neural
ホームラン,ホームラン
アンサンブル,アンサンブル
Android,Android
